"NAME_1","NAME_2","NAME_3","date","ntl_mean"
"Dakar","Dakar","Almadies",2012,3171.23046875
"Dakar","Dakar","Almadies",2013,3047.82690429688
"Dakar","Dakar","Almadies",2014,3795.369140625
"Dakar","Dakar","Almadies",2015,3866.03051757812
"Dakar","Dakar","Almadies",2016,3863.80493164062
"Dakar","Dakar","Almadies",2017,3651.3076171875
"Dakar","Dakar","Almadies",2018,3258.4716796875
"Dakar","Dakar","Almadies",2019,3326.85717773438
"Dakar","Dakar","Almadies",2020,3416.05151367188
"Dakar","Dakar","Almadies",2021,3391.19140625
"Dakar","Dakar","Almadies",2022,4026.38354492188
"Dakar","Dakar","Almadies",2023,4435.5712890625
"Dakar","Dakar","Almadies",2024,5158.5546875
"Dakar","Dakar","Dakar Plateau",2012,2884.0107421875
"Dakar","Dakar","Dakar Plateau",2013,2529.1279296875
"Dakar","Dakar","Dakar Plateau",2014,3009.5927734375
"Dakar","Dakar","Dakar Plateau",2015,3045.14916992188
"Dakar","Dakar","Dakar Plateau",2016,3005.41357421875
"Dakar","Dakar","Dakar Plateau",2017,2884.01708984375
"Dakar","Dakar","Dakar Plateau",2018,2660.76538085938
"Dakar","Dakar","Dakar Plateau",2019,2975.70092773438
"Dakar","Dakar","Dakar Plateau",2020,2985.5263671875
"Dakar","Dakar","Dakar Plateau",2021,3032.92407226562
"Dakar","Dakar","Dakar Plateau",2022,3154.26098632812
"Dakar","Dakar","Dakar Plateau",2023,3208.16796875
"Dakar","Dakar","Dakar Plateau",2024,3487.24536132812
"Dakar","Dakar","Grand Dakar",2012,2860.28857421875
"Dakar","Dakar","Grand Dakar",2013,2579.45092773438
"Dakar","Dakar","Grand Dakar",2014,3142.81982421875
"Dakar","Dakar","Grand Dakar",2015,3340.82446289062
"Dakar","Dakar","Grand Dakar",2016,3094.14379882812
"Dakar","Dakar","Grand Dakar",2017,3099.17626953125
"Dakar","Dakar","Grand Dakar",2018,2935.93481445312
"Dakar","Dakar","Grand Dakar",2019,3239.10961914062
"Dakar","Dakar","Grand Dakar",2020,3341.634765625
"Dakar","Dakar","Grand Dakar",2021,3271.0419921875
"Dakar","Dakar","Grand Dakar",2022,3604.8330078125
"Dakar","Dakar","Grand Dakar",2023,3660.7294921875
"Dakar","Dakar","Grand Dakar",2024,3893.56762695312
"Dakar","Dakar","Parcelles Assainies",2012,1911.6494140625
"Dakar","Dakar","Parcelles Assainies",2013,1562.4072265625
"Dakar","Dakar","Parcelles Assainies",2014,2754.5556640625
"Dakar","Dakar","Parcelles Assainies",2015,2741.95166015625
"Dakar","Dakar","Parcelles Assainies",2016,2492.32690429688
"Dakar","Dakar","Parcelles Assainies",2017,2564.44409179688
"Dakar","Dakar","Parcelles Assainies",2018,2239.73217773438
"Dakar","Dakar","Parcelles Assainies",2019,2218.44750976562
"Dakar","Dakar","Parcelles Assainies",2020,2310.12158203125
"Dakar","Dakar","Parcelles Assainies",2021,2208.43676757812
"Dakar","Dakar","Parcelles Assainies",2022,2472.0625
"Dakar","Dakar","Parcelles Assainies",2023,2605.9951171875
"Dakar","Dakar","Parcelles Assainies",2024,2975.24829101562
"Dakar","Guédiawaye","Guediawaye",2012,812.841796875
"Dakar","Guédiawaye","Guediawaye",2013,871.9013671875
"Dakar","Guédiawaye","Guediawaye",2014,1100.40270996094
"Dakar","Guédiawaye","Guediawaye",2015,1246.85913085938
"Dakar","Guédiawaye","Guediawaye",2016,1213.193359375
"Dakar","Guédiawaye","Guediawaye",2017,1418.52270507812
"Dakar","Guédiawaye","Guediawaye",2018,1416.2529296875
"Dakar","Guédiawaye","Guediawaye",2019,1581.91088867188
"Dakar","Guédiawaye","Guediawaye",2020,1466.14367675781
"Dakar","Guédiawaye","Guediawaye",2021,1365.77551269531
"Dakar","Guédiawaye","Guediawaye",2022,1554.08166503906
"Dakar","Guédiawaye","Guediawaye",2023,1548.47692871094
"Dakar","Guédiawaye","Guediawaye",2024,2221.84936523438
"Dakar","Pikine","Niayes",2012,469.544219970703
"Dakar","Pikine","Niayes",2013,564.519470214844
"Dakar","Pikine","Niayes",2014,763.145690917969
"Dakar","Pikine","Niayes",2015,904.793579101562
"Dakar","Pikine","Niayes",2016,936.066650390625
"Dakar","Pikine","Niayes",2017,1116.40197753906
"Dakar","Pikine","Niayes",2018,1368.13098144531
"Dakar","Pikine","Niayes",2019,1490.95483398438
"Dakar","Pikine","Niayes",2020,1619.80725097656
"Dakar","Pikine","Niayes",2021,1609.88830566406
"Dakar","Pikine","Niayes",2022,2056.57836914062
"Dakar","Pikine","Niayes",2023,2441.69604492188
"Dakar","Pikine","Niayes",2024,3063.62060546875
"Dakar","Pikine","Pikine Dagoudane",2012,589.420288085938
"Dakar","Pikine","Pikine Dagoudane",2013,661.296936035156
"Dakar","Pikine","Pikine Dagoudane",2014,851.552551269531
"Dakar","Pikine","Pikine Dagoudane",2015,874.389404296875
"Dakar","Pikine","Pikine Dagoudane",2016,952.29443359375
"Dakar","Pikine","Pikine Dagoudane",2017,1004.21313476562
"Dakar","Pikine","Pikine Dagoudane",2018,1053.51550292969
"Dakar","Pikine","Pikine Dagoudane",2019,1149.74340820312
"Dakar","Pikine","Pikine Dagoudane",2020,1166.4521484375
"Dakar","Pikine","Pikine Dagoudane",2021,1213.39990234375
"Dakar","Pikine","Pikine Dagoudane",2022,1536.42077636719
"Dakar","Pikine","Pikine Dagoudane",2023,1587.34521484375
"Dakar","Pikine","Pikine Dagoudane",2024,1716.97473144531
"Dakar","Pikine","Thiaroye",2012,1438.3271484375
"Dakar","Pikine","Thiaroye",2013,1456.45434570312
"Dakar","Pikine","Thiaroye",2014,1450.31604003906
"Dakar","Pikine","Thiaroye",2015,2194.08715820312
"Dakar","Pikine","Thiaroye",2016,2042.35107421875
"Dakar","Pikine","Thiaroye",2017,3075.88061523438
"Dakar","Pikine","Thiaroye",2018,3392.00024414062
"Dakar","Pikine","Thiaroye",2019,3223.43627929688
"Dakar","Pikine","Thiaroye",2020,3308.14135742188
"Dakar","Pikine","Thiaroye",2021,3367.48486328125
"Dakar","Pikine","Thiaroye",2022,2638.27221679688
"Dakar","Pikine","Thiaroye",2023,3224.8525390625
"Dakar","Pikine","Thiaroye",2024,3546.89990234375
"Dakar","Rufisque","Bambilor",2012,1122.50549316406
"Dakar","Rufisque","Bambilor",2013,1144.94006347656
"Dakar","Rufisque","Bambilor",2014,1595.767578125
"Dakar","Rufisque","Bambilor",2015,1943.00036621094
"Dakar","Rufisque","Bambilor",2016,1998.74951171875
"Dakar","Rufisque","Bambilor",2017,2645.9697265625
"Dakar","Rufisque","Bambilor",2018,3529.68188476562
"Dakar","Rufisque","Bambilor",2019,4871.27099609375
"Dakar","Rufisque","Bambilor",2020,5521.9423828125
"Dakar","Rufisque","Bambilor",2021,6774.56005859375
"Dakar","Rufisque","Bambilor",2022,9139.9541015625
"Dakar","Rufisque","Bambilor",2023,10020.974609375
"Dakar","Rufisque","Bambilor",2024,11397.642578125
"Dakar","Rufisque","Rufisque",2012,630.128845214844
"Dakar","Rufisque","Rufisque",2013,679.757141113281
"Dakar","Rufisque","Rufisque",2014,877.495544433594
"Dakar","Rufisque","Rufisque",2015,1013.61987304688
"Dakar","Rufisque","Rufisque",2016,1127.84350585938
"Dakar","Rufisque","Rufisque",2017,1189.97424316406
"Dakar","Rufisque","Rufisque",2018,1282.71923828125
"Dakar","Rufisque","Rufisque",2019,1486.64208984375
"Dakar","Rufisque","Rufisque",2020,1755.72741699219
"Dakar","Rufisque","Rufisque",2021,1886.77136230469
"Dakar","Rufisque","Rufisque",2022,2383.61254882812
"Dakar","Rufisque","Rufisque",2023,2711.70068359375
"Dakar","Rufisque","Rufisque",2024,3065.2626953125
"Diourbel","Bambey","Baba Garage",2012,4.68326139450073
"Diourbel","Bambey","Baba Garage",2013,6.22458982467651
"Diourbel","Bambey","Baba Garage",2014,5.09783220291138
"Diourbel","Bambey","Baba Garage",2015,5.32632350921631
"Diourbel","Bambey","Baba Garage",2016,3.02145743370056
"Diourbel","Bambey","Baba Garage",2017,4.98989057540894
"Diourbel","Bambey","Baba Garage",2018,3.29954433441162
"Diourbel","Bambey","Baba Garage",2019,6.82526588439941
"Diourbel","Bambey","Baba Garage",2020,7.20815944671631
"Diourbel","Bambey","Baba Garage",2021,18.8397006988525
"Diourbel","Bambey","Baba Garage",2022,92.1592483520508
"Diourbel","Bambey","Baba Garage",2023,227.857864379883
"Diourbel","Bambey","Baba Garage",2024,296.8720703125
"Diourbel","Bambey","Lambaye",2012,28.9289283752441
"Diourbel","Bambey","Lambaye",2013,45.7522430419922
"Diourbel","Bambey","Lambaye",2014,33.9022064208984
"Diourbel","Bambey","Lambaye",2015,34.5405349731445
"Diourbel","Bambey","Lambaye",2016,42.0125503540039
"Diourbel","Bambey","Lambaye",2017,34.0261688232422
"Diourbel","Bambey","Lambaye",2018,22.4251518249512
"Diourbel","Bambey","Lambaye",2019,35.3976745605469
"Diourbel","Bambey","Lambaye",2020,56.2336883544922
"Diourbel","Bambey","Lambaye",2021,115.460395812988
"Diourbel","Bambey","Lambaye",2022,388.338287353516
"Diourbel","Bambey","Lambaye",2023,587.636352539062
"Diourbel","Bambey","Lambaye",2024,724.691711425781
"Diourbel","Bambey","Ngoye",2012,59.7143821716309
"Diourbel","Bambey","Ngoye",2013,85.6179046630859
"Diourbel","Bambey","Ngoye",2014,79.1898727416992
"Diourbel","Bambey","Ngoye",2015,89.276481628418
"Diourbel","Bambey","Ngoye",2016,71.7509994506836
"Diourbel","Bambey","Ngoye",2017,59.4633445739746
"Diourbel","Bambey","Ngoye",2018,73.9232330322266
"Diourbel","Bambey","Ngoye",2019,104.302703857422
"Diourbel","Bambey","Ngoye",2020,148.754852294922
"Diourbel","Bambey","Ngoye",2021,337.740051269531
"Diourbel","Bambey","Ngoye",2022,723.14990234375
"Diourbel","Bambey","Ngoye",2023,940.25634765625
"Diourbel","Bambey","Ngoye",2024,822.124267578125
"Diourbel","Diourbel","Ndindy",2012,8.23535251617432
"Diourbel","Diourbel","Ndindy",2013,8.37587738037109
"Diourbel","Diourbel","Ndindy",2014,14.8746128082275
"Diourbel","Diourbel","Ndindy",2015,9.56911373138428
"Diourbel","Diourbel","Ndindy",2016,5.03904676437378
"Diourbel","Diourbel","Ndindy",2017,3.61227297782898
"Diourbel","Diourbel","Ndindy",2018,2.20209980010986
"Diourbel","Diourbel","Ndindy",2019,9.23621940612793
"Diourbel","Diourbel","Ndindy",2020,12.4927320480347
"Diourbel","Diourbel","Ndindy",2021,37.0495986938477
"Diourbel","Diourbel","Ndindy",2022,88.0284194946289
"Diourbel","Diourbel","Ndindy",2023,174.57926940918
"Diourbel","Diourbel","Ndindy",2024,195.115600585938
"Diourbel","Diourbel","Ndoulo",2012,244.607894897461
"Diourbel","Diourbel","Ndoulo",2013,273.519409179688
"Diourbel","Diourbel","Ndoulo",2014,289.951934814453
"Diourbel","Diourbel","Ndoulo",2015,331.330749511719
"Diourbel","Diourbel","Ndoulo",2016,313.973876953125
"Diourbel","Diourbel","Ndoulo",2017,343.597900390625
"Diourbel","Diourbel","Ndoulo",2018,376.168365478516
"Diourbel","Diourbel","Ndoulo",2019,473.450622558594
"Diourbel","Diourbel","Ndoulo",2020,676.930297851562
"Diourbel","Diourbel","Ndoulo",2021,1019.99822998047
"Diourbel","Diourbel","Ndoulo",2022,1267.43041992188
"Diourbel","Diourbel","Ndoulo",2023,1480.09558105469
"Diourbel","Diourbel","Ndoulo",2024,1516.73388671875
"Diourbel","Mbacké","Kael",2012,17.3811855316162
"Diourbel","Mbacké","Kael",2013,17.8761234283447
"Diourbel","Mbacké","Kael",2014,25.7643165588379
"Diourbel","Mbacké","Kael",2015,44.8173713684082
"Diourbel","Mbacké","Kael",2016,26.1766128540039
"Diourbel","Mbacké","Kael",2017,26.2447757720947
"Diourbel","Mbacké","Kael",2018,19.5129680633545
"Diourbel","Mbacké","Kael",2019,35.7304420471191
"Diourbel","Mbacké","Kael",2020,75.4025650024414
"Diourbel","Mbacké","Kael",2021,108.962699890137
"Diourbel","Mbacké","Kael",2022,305.198852539062
"Diourbel","Mbacké","Kael",2023,764.344970703125
"Diourbel","Mbacké","Kael",2024,716.582702636719
"Diourbel","Mbacké","Ndame",2012,4140.96240234375
"Diourbel","Mbacké","Ndame",2013,4377.11962890625
"Diourbel","Mbacké","Ndame",2014,4427.07177734375
"Diourbel","Mbacké","Ndame",2015,4807.54931640625
"Diourbel","Mbacké","Ndame",2016,4400.33056640625
"Diourbel","Mbacké","Ndame",2017,4565.1494140625
"Diourbel","Mbacké","Ndame",2018,4707.31591796875
"Diourbel","Mbacké","Ndame",2019,6159.27880859375
"Diourbel","Mbacké","Ndame",2020,7923.353515625
"Diourbel","Mbacké","Ndame",2021,11112.3330078125
"Diourbel","Mbacké","Ndame",2022,14527.1767578125
"Diourbel","Mbacké","Ndame",2023,18137.6015625
"Diourbel","Mbacké","Ndame",2024,20205.6171875
"Diourbel","Mbacké","Taif",2012,10.2241306304932
"Diourbel","Mbacké","Taif",2013,22.8566188812256
"Diourbel","Mbacké","Taif",2014,20.0314464569092
"Diourbel","Mbacké","Taif",2015,40.6035919189453
"Diourbel","Mbacké","Taif",2016,20.6941070556641
"Diourbel","Mbacké","Taif",2017,37.7959861755371
"Diourbel","Mbacké","Taif",2018,58.3204383850098
"Diourbel","Mbacké","Taif",2019,54.739013671875
"Diourbel","Mbacké","Taif",2020,60.322940826416
"Diourbel","Mbacké","Taif",2021,98.8376922607422
"Diourbel","Mbacké","Taif",2022,150.967102050781
"Diourbel","Mbacké","Taif",2023,232.803314208984
"Diourbel","Mbacké","Taif",2024,202.801956176758
"Fatick","Fatick","Fimela",2012,44.2093048095703
"Fatick","Fatick","Fimela",2013,37.0720672607422
"Fatick","Fatick","Fimela",2014,26.0909786224365
"Fatick","Fatick","Fimela",2015,17.8736133575439
"Fatick","Fatick","Fimela",2016,27.5991058349609
"Fatick","Fatick","Fimela",2017,26.3658714294434
"Fatick","Fatick","Fimela",2018,29.3220844268799
"Fatick","Fatick","Fimela",2019,50.9298210144043
"Fatick","Fatick","Fimela",2020,54.9067001342773
"Fatick","Fatick","Fimela",2021,82.0403060913086
"Fatick","Fatick","Fimela",2022,241.458862304688
"Fatick","Fatick","Fimela",2023,477.938110351562
"Fatick","Fatick","Fimela",2024,391.300170898438
"Fatick","Fatick","Ndiob",2012,10.8878507614136
"Fatick","Fatick","Ndiob",2013,13.6373119354248
"Fatick","Fatick","Ndiob",2014,16.673376083374
"Fatick","Fatick","Ndiob",2015,26.2128448486328
"Fatick","Fatick","Ndiob",2016,20.629976272583
"Fatick","Fatick","Ndiob",2017,17.695291519165
"Fatick","Fatick","Ndiob",2018,17.7313919067383
"Fatick","Fatick","Ndiob",2019,25.4138164520264
"Fatick","Fatick","Ndiob",2020,40.2588348388672
"Fatick","Fatick","Ndiob",2021,81.7412796020508
"Fatick","Fatick","Ndiob",2022,265.693542480469
"Fatick","Fatick","Ndiob",2023,482.394256591797
"Fatick","Fatick","Ndiob",2024,392.777770996094
"Fatick","Fatick","Niakhar",2012,6.48623895645142
"Fatick","Fatick","Niakhar",2013,8.79065227508545
"Fatick","Fatick","Niakhar",2014,7.71559572219849
"Fatick","Fatick","Niakhar",2015,8.42377471923828
"Fatick","Fatick","Niakhar",2016,9.76868534088135
"Fatick","Fatick","Niakhar",2017,9.89845752716064
"Fatick","Fatick","Niakhar",2018,19.8225364685059
"Fatick","Fatick","Niakhar",2019,37.622631072998
"Fatick","Fatick","Niakhar",2020,62.6108360290527
"Fatick","Fatick","Niakhar",2021,111.291030883789
"Fatick","Fatick","Niakhar",2022,332.395538330078
"Fatick","Fatick","Niakhar",2023,562.322326660156
"Fatick","Fatick","Niakhar",2024,365.618682861328
"Fatick","Fatick","Tattaguine",2012,148.143798828125
"Fatick","Fatick","Tattaguine",2013,135.022872924805
"Fatick","Fatick","Tattaguine",2014,172.451614379883
"Fatick","Fatick","Tattaguine",2015,197.951995849609
"Fatick","Fatick","Tattaguine",2016,175.651306152344
"Fatick","Fatick","Tattaguine",2017,167.506973266602
"Fatick","Fatick","Tattaguine",2018,176.332992553711
"Fatick","Fatick","Tattaguine",2019,210.035736083984
"Fatick","Fatick","Tattaguine",2020,389.925994873047
"Fatick","Fatick","Tattaguine",2021,477.883422851562
"Fatick","Fatick","Tattaguine",2022,651.023376464844
"Fatick","Fatick","Tattaguine",2023,841.080261230469
"Fatick","Fatick","Tattaguine",2024,661.876708984375
"Fatick","Foundiougne","Djilor",2012,39.6874656677246
"Fatick","Foundiougne","Djilor",2013,47.6026916503906
"Fatick","Foundiougne","Djilor",2014,50.0324401855469
"Fatick","Foundiougne","Djilor",2015,39.8523139953613
"Fatick","Foundiougne","Djilor",2016,40.9671745300293
"Fatick","Foundiougne","Djilor",2017,56.8101577758789
"Fatick","Foundiougne","Djilor",2018,80.2861099243164
"Fatick","Foundiougne","Djilor",2019,97.6204376220703
"Fatick","Foundiougne","Djilor",2020,126.813659667969
"Fatick","Foundiougne","Djilor",2021,208.983901977539
"Fatick","Foundiougne","Djilor",2022,459.404113769531
"Fatick","Foundiougne","Djilor",2023,849.832641601562
"Fatick","Foundiougne","Djilor",2024,751.716735839844
"Fatick","Foundiougne","Niodior",2012,0.588190615177155
"Fatick","Foundiougne","Niodior",2013,1.32244145870209
"Fatick","Foundiougne","Niodior",2014,0
"Fatick","Foundiougne","Niodior",2015,0
"Fatick","Foundiougne","Niodior",2016,0
"Fatick","Foundiougne","Niodior",2017,0
"Fatick","Foundiougne","Niodior",2018,0.609556376934052
"Fatick","Foundiougne","Niodior",2019,2.64778923988342
"Fatick","Foundiougne","Niodior",2020,5.45832633972168
"Fatick","Foundiougne","Niodior",2021,4.66437864303589
"Fatick","Foundiougne","Niodior",2022,24.3294658660889
"Fatick","Foundiougne","Niodior",2023,48.3532180786133
"Fatick","Foundiougne","Niodior",2024,50.0144805908203
"Fatick","Foundiougne","Toubacouta",2012,54.2999305725098
"Fatick","Foundiougne","Toubacouta",2013,48.3087120056152
"Fatick","Foundiougne","Toubacouta",2014,44.7591667175293
"Fatick","Foundiougne","Toubacouta",2015,35.0452880859375
"Fatick","Foundiougne","Toubacouta",2016,65.3810424804688
"Fatick","Foundiougne","Toubacouta",2017,68.7252044677734
"Fatick","Foundiougne","Toubacouta",2018,57.1705780029297
"Fatick","Foundiougne","Toubacouta",2019,91.7758712768555
"Fatick","Foundiougne","Toubacouta",2020,99.0499877929688
"Fatick","Foundiougne","Toubacouta",2021,112.552375793457
"Fatick","Foundiougne","Toubacouta",2022,286.093994140625
"Fatick","Foundiougne","Toubacouta",2023,809.283264160156
"Fatick","Foundiougne","Toubacouta",2024,753.527160644531
"Fatick","Gossas","Colobane",2012,28.0951957702637
"Fatick","Gossas","Colobane",2013,27.5268115997314
"Fatick","Gossas","Colobane",2014,19.9956035614014
"Fatick","Gossas","Colobane",2015,23.6793746948242
"Fatick","Gossas","Colobane",2016,17.2417602539062
"Fatick","Gossas","Colobane",2017,21.2294063568115
"Fatick","Gossas","Colobane",2018,13.1111707687378
"Fatick","Gossas","Colobane",2019,21.9482326507568
"Fatick","Gossas","Colobane",2020,24.3232593536377
"Fatick","Gossas","Colobane",2021,43.5513305664062
"Fatick","Gossas","Colobane",2022,116.76229095459
"Fatick","Gossas","Colobane",2023,255.837631225586
"Fatick","Gossas","Colobane",2024,232.293029785156
"Fatick","Gossas","Ouadiour",2012,23.6944351196289
"Fatick","Gossas","Ouadiour",2013,28.1495265960693
"Fatick","Gossas","Ouadiour",2014,43.7543830871582
"Fatick","Gossas","Ouadiour",2015,31.262243270874
"Fatick","Gossas","Ouadiour",2016,17.5503463745117
"Fatick","Gossas","Ouadiour",2017,22.8268089294434
"Fatick","Gossas","Ouadiour",2018,18.7009334564209
"Fatick","Gossas","Ouadiour",2019,30.5447902679443
"Fatick","Gossas","Ouadiour",2020,64.1699371337891
"Fatick","Gossas","Ouadiour",2021,151.009658813477
"Fatick","Gossas","Ouadiour",2022,252.85905456543
"Fatick","Gossas","Ouadiour",2023,688.813110351562
"Fatick","Gossas","Ouadiour",2024,547.842651367188
"Kaffrine","Birkilane","Keur Mboucki",2012,14.4184398651123
"Kaffrine","Birkilane","Keur Mboucki",2013,22.2152881622314
"Kaffrine","Birkilane","Keur Mboucki",2014,20.7320251464844
"Kaffrine","Birkilane","Keur Mboucki",2015,13.2390260696411
"Kaffrine","Birkilane","Keur Mboucki",2016,13.5680465698242
"Kaffrine","Birkilane","Keur Mboucki",2017,21.4567050933838
"Kaffrine","Birkilane","Keur Mboucki",2018,33.2076683044434
"Kaffrine","Birkilane","Keur Mboucki",2019,54.9992637634277
"Kaffrine","Birkilane","Keur Mboucki",2020,123.011566162109
"Kaffrine","Birkilane","Keur Mboucki",2021,129.235961914062
"Kaffrine","Birkilane","Keur Mboucki",2022,165.664154052734
"Kaffrine","Birkilane","Keur Mboucki",2023,255.550765991211
"Kaffrine","Birkilane","Keur Mboucki",2024,296.848175048828
"Kaffrine","Birkilane","Mabo",2012,1.03128755092621
"Kaffrine","Birkilane","Mabo",2013,0.556920111179352
"Kaffrine","Birkilane","Mabo",2014,2.33783531188965
"Kaffrine","Birkilane","Mabo",2015,2.97748756408691
"Kaffrine","Birkilane","Mabo",2016,0.569764614105225
"Kaffrine","Birkilane","Mabo",2017,0.68487024307251
"Kaffrine","Birkilane","Mabo",2018,0.592603325843811
"Kaffrine","Birkilane","Mabo",2019,3.40056324005127
"Kaffrine","Birkilane","Mabo",2020,4.5689811706543
"Kaffrine","Birkilane","Mabo",2021,6.92713022232056
"Kaffrine","Birkilane","Mabo",2022,73.4545211791992
"Kaffrine","Birkilane","Mabo",2023,238.121765136719
"Kaffrine","Birkilane","Mabo",2024,273.103912353516
"Kaffrine","Kaffrine","Gniby",2012,89.7148971557617
"Kaffrine","Kaffrine","Gniby",2013,84.4543838500977
"Kaffrine","Kaffrine","Gniby",2014,108.221557617188
"Kaffrine","Kaffrine","Gniby",2015,109.991607666016
"Kaffrine","Kaffrine","Gniby",2016,100.891563415527
"Kaffrine","Kaffrine","Gniby",2017,83.1822128295898
"Kaffrine","Kaffrine","Gniby",2018,91.5207061767578
"Kaffrine","Kaffrine","Gniby",2019,152.670669555664
"Kaffrine","Kaffrine","Gniby",2020,168.821853637695
"Kaffrine","Kaffrine","Gniby",2021,233.903732299805
"Kaffrine","Kaffrine","Gniby",2022,329.891510009766
"Kaffrine","Kaffrine","Gniby",2023,610.446472167969
"Kaffrine","Kaffrine","Gniby",2024,698.865539550781
"Kaffrine","Kaffrine","Katakel",2012,0.513072371482849
"Kaffrine","Kaffrine","Katakel",2013,1.68080735206604
"Kaffrine","Kaffrine","Katakel",2014,1.25954627990723
"Kaffrine","Kaffrine","Katakel",2015,1.77401947975159
"Kaffrine","Kaffrine","Katakel",2016,1.1721009016037
"Kaffrine","Kaffrine","Katakel",2017,1.14435076713562
"Kaffrine","Kaffrine","Katakel",2018,0.580817341804504
"Kaffrine","Kaffrine","Katakel",2019,4.60438060760498
"Kaffrine","Kaffrine","Katakel",2020,6.46913242340088
"Kaffrine","Kaffrine","Katakel",2021,13.2078332901001
"Kaffrine","Kaffrine","Katakel",2022,58.6301002502441
"Kaffrine","Kaffrine","Katakel",2023,186.228530883789
"Kaffrine","Kaffrine","Katakel",2024,194.463668823242
"Kaffrine","Koungheul","Ida Mouride",2012,15.9617214202881
"Kaffrine","Koungheul","Ida Mouride",2013,19.0239849090576
"Kaffrine","Koungheul","Ida Mouride",2014,25.6613311767578
"Kaffrine","Koungheul","Ida Mouride",2015,22.6035690307617
"Kaffrine","Koungheul","Ida Mouride",2016,28.0117835998535
"Kaffrine","Koungheul","Ida Mouride",2017,64.2970809936523
"Kaffrine","Koungheul","Ida Mouride",2018,84.885871887207
"Kaffrine","Koungheul","Ida Mouride",2019,174.736740112305
"Kaffrine","Koungheul","Ida Mouride",2020,173.734344482422
"Kaffrine","Koungheul","Ida Mouride",2021,196.342208862305
"Kaffrine","Koungheul","Ida Mouride",2022,232.847213745117
"Kaffrine","Koungheul","Ida Mouride",2023,310.804748535156
"Kaffrine","Koungheul","Ida Mouride",2024,355.246826171875
"Kaffrine","Koungheul","Lour Escale",2012,0
"Kaffrine","Koungheul","Lour Escale",2013,0
"Kaffrine","Koungheul","Lour Escale",2014,0
"Kaffrine","Koungheul","Lour Escale",2015,0
"Kaffrine","Koungheul","Lour Escale",2016,0
"Kaffrine","Koungheul","Lour Escale",2017,0
"Kaffrine","Koungheul","Lour Escale",2018,0
"Kaffrine","Koungheul","Lour Escale",2019,0
"Kaffrine","Koungheul","Lour Escale",2020,0
"Kaffrine","Koungheul","Lour Escale",2021,3.17804980278015
"Kaffrine","Koungheul","Lour Escale",2022,5.01367712020874
"Kaffrine","Koungheul","Lour Escale",2023,10.1194896697998
"Kaffrine","Koungheul","Lour Escale",2024,7.30197858810425
"Kaffrine","Koungheul","Missirah Wadene",2012,3.86666107177734
"Kaffrine","Koungheul","Missirah Wadene",2013,2.07961487770081
"Kaffrine","Koungheul","Missirah Wadene",2014,2.38380694389343
"Kaffrine","Koungheul","Missirah Wadene",2015,1.33973729610443
"Kaffrine","Koungheul","Missirah Wadene",2016,1.77779579162598
"Kaffrine","Koungheul","Missirah Wadene",2017,0.842582523822784
"Kaffrine","Koungheul","Missirah Wadene",2018,0.697732269763947
"Kaffrine","Koungheul","Missirah Wadene",2019,1.92707848548889
"Kaffrine","Koungheul","Missirah Wadene",2020,2.06673812866211
"Kaffrine","Koungheul","Missirah Wadene",2021,6.69765901565552
"Kaffrine","Koungheul","Missirah Wadene",2022,17.6523151397705
"Kaffrine","Koungheul","Missirah Wadene",2023,40.9489402770996
"Kaffrine","Koungheul","Missirah Wadene",2024,67.9971084594727
"Kaffrine","Malème Hodar","Darou Miname Ii",2012,1.38427662849426
"Kaffrine","Malème Hodar","Darou Miname Ii",2013,1.44430232048035
"Kaffrine","Malème Hodar","Darou Miname Ii",2014,1.25549006462097
"Kaffrine","Malème Hodar","Darou Miname Ii",2015,7.9682035446167
"Kaffrine","Malème Hodar","Darou Miname Ii",2016,4.58968067169189
"Kaffrine","Malème Hodar","Darou Miname Ii",2017,5.77494668960571
"Kaffrine","Malème Hodar","Darou Miname Ii",2018,3.07358050346375
"Kaffrine","Malème Hodar","Darou Miname Ii",2019,5.00404024124146
"Kaffrine","Malème Hodar","Darou Miname Ii",2020,1.4143728017807
"Kaffrine","Malème Hodar","Darou Miname Ii",2021,1.65499258041382
"Kaffrine","Malème Hodar","Darou Miname Ii",2022,34.5083045959473
"Kaffrine","Malème Hodar","Darou Miname Ii",2023,97.3129577636719
"Kaffrine","Malème Hodar","Darou Miname Ii",2024,104.986709594727
"Kaffrine","Malème Hodar","Sagna",2012,5.24070072174072
"Kaffrine","Malème Hodar","Sagna",2013,5.02160310745239
"Kaffrine","Malème Hodar","Sagna",2014,3.7951717376709
"Kaffrine","Malème Hodar","Sagna",2015,5.81091737747192
"Kaffrine","Malème Hodar","Sagna",2016,2.89773774147034
"Kaffrine","Malème Hodar","Sagna",2017,2.96905112266541
"Kaffrine","Malème Hodar","Sagna",2018,6.26620388031006
"Kaffrine","Malème Hodar","Sagna",2019,9.31096363067627
"Kaffrine","Malème Hodar","Sagna",2020,14.809211730957
"Kaffrine","Malème Hodar","Sagna",2021,22.2597465515137
"Kaffrine","Malème Hodar","Sagna",2022,59.6576499938965
"Kaffrine","Malème Hodar","Sagna",2023,91.7676239013672
"Kaffrine","Malème Hodar","Sagna",2024,97.412841796875
"Kaolack","Guinguinéo","Mbadakhoune",2012,22.3031425476074
"Kaolack","Guinguinéo","Mbadakhoune",2013,33.0811882019043
"Kaolack","Guinguinéo","Mbadakhoune",2014,31.3907661437988
"Kaolack","Guinguinéo","Mbadakhoune",2015,75.8792343139648
"Kaolack","Guinguinéo","Mbadakhoune",2016,44.7453155517578
"Kaolack","Guinguinéo","Mbadakhoune",2017,59.120288848877
"Kaolack","Guinguinéo","Mbadakhoune",2018,56.3264503479004
"Kaolack","Guinguinéo","Mbadakhoune",2019,107.822715759277
"Kaolack","Guinguinéo","Mbadakhoune",2020,138.394012451172
"Kaolack","Guinguinéo","Mbadakhoune",2021,192.730895996094
"Kaolack","Guinguinéo","Mbadakhoune",2022,528.42724609375
"Kaolack","Guinguinéo","Mbadakhoune",2023,882.65771484375
"Kaolack","Guinguinéo","Mbadakhoune",2024,972.875610351562
"Kaolack","Guinguinéo","Nguelou",2012,55.0922203063965
"Kaolack","Guinguinéo","Nguelou",2013,67.136604309082
"Kaolack","Guinguinéo","Nguelou",2014,63.5237274169922
"Kaolack","Guinguinéo","Nguelou",2015,62.1805725097656
"Kaolack","Guinguinéo","Nguelou",2016,42.5921440124512
"Kaolack","Guinguinéo","Nguelou",2017,29.6239528656006
"Kaolack","Guinguinéo","Nguelou",2018,30.8540229797363
"Kaolack","Guinguinéo","Nguelou",2019,34.0386848449707
"Kaolack","Guinguinéo","Nguelou",2020,54.2694664001465
"Kaolack","Guinguinéo","Nguelou",2021,101.148254394531
"Kaolack","Guinguinéo","Nguelou",2022,129.582260131836
"Kaolack","Guinguinéo","Nguelou",2023,364.803985595703
"Kaolack","Guinguinéo","Nguelou",2024,472.710205078125
"Kaolack","Kaolack","Koumbal",2012,680.170715332031
"Kaolack","Kaolack","Koumbal",2013,841.575622558594
"Kaolack","Kaolack","Koumbal",2014,887.680419921875
"Kaolack","Kaolack","Koumbal",2015,1095.67138671875
"Kaolack","Kaolack","Koumbal",2016,961.0126953125
"Kaolack","Kaolack","Koumbal",2017,1053.65161132812
"Kaolack","Kaolack","Koumbal",2018,1065.61743164062
"Kaolack","Kaolack","Koumbal",2019,1348.96630859375
"Kaolack","Kaolack","Koumbal",2020,1652.07556152344
"Kaolack","Kaolack","Koumbal",2021,2001.21850585938
"Kaolack","Kaolack","Koumbal",2022,3037.28979492188
"Kaolack","Kaolack","Koumbal",2023,3895.828125
"Kaolack","Kaolack","Koumbal",2024,4325.01806640625
"Kaolack","Kaolack","Ndiedieng",2012,24.1752777099609
"Kaolack","Kaolack","Ndiedieng",2013,27.9685916900635
"Kaolack","Kaolack","Ndiedieng",2014,27.5496311187744
"Kaolack","Kaolack","Ndiedieng",2015,30.6942920684814
"Kaolack","Kaolack","Ndiedieng",2016,21.2917728424072
"Kaolack","Kaolack","Ndiedieng",2017,29.0744361877441
"Kaolack","Kaolack","Ndiedieng",2018,21.8580131530762
"Kaolack","Kaolack","Ndiedieng",2019,42.4368438720703
"Kaolack","Kaolack","Ndiedieng",2020,69.1726531982422
"Kaolack","Kaolack","Ndiedieng",2021,120.971900939941
"Kaolack","Kaolack","Ndiedieng",2022,406.788787841797
"Kaolack","Kaolack","Ndiedieng",2023,694.425354003906
"Kaolack","Kaolack","Ndiedieng",2024,767.494384765625
"Kaolack","Kaolack","Ngothie",2012,41.1468238830566
"Kaolack","Kaolack","Ngothie",2013,50.4950828552246
"Kaolack","Kaolack","Ngothie",2014,42.3522186279297
"Kaolack","Kaolack","Ngothie",2015,65.9949493408203
"Kaolack","Kaolack","Ngothie",2016,42.4489250183105
"Kaolack","Kaolack","Ngothie",2017,34.9522933959961
"Kaolack","Kaolack","Ngothie",2018,34.1458625793457
"Kaolack","Kaolack","Ngothie",2019,63.4299583435059
"Kaolack","Kaolack","Ngothie",2020,96.2137680053711
"Kaolack","Kaolack","Ngothie",2021,195.454971313477
"Kaolack","Kaolack","Ngothie",2022,404.078247070312
"Kaolack","Kaolack","Ngothie",2023,569.121520996094
"Kaolack","Kaolack","Ngothie",2024,955.690979003906
"Kaolack","Nioro du Rip","Medina Sabakh",2012,4.24252653121948
"Kaolack","Nioro du Rip","Medina Sabakh",2013,6.80231285095215
"Kaolack","Nioro du Rip","Medina Sabakh",2014,7.45390844345093
"Kaolack","Nioro du Rip","Medina Sabakh",2015,4.56305599212646
"Kaolack","Nioro du Rip","Medina Sabakh",2016,3.54820013046265
"Kaolack","Nioro du Rip","Medina Sabakh",2017,3.16874408721924
"Kaolack","Nioro du Rip","Medina Sabakh",2018,4.30960559844971
"Kaolack","Nioro du Rip","Medina Sabakh",2019,18.1580390930176
"Kaolack","Nioro du Rip","Medina Sabakh",2020,20.2122077941895
"Kaolack","Nioro du Rip","Medina Sabakh",2021,76.3526077270508
"Kaolack","Nioro du Rip","Medina Sabakh",2022,187.388137817383
"Kaolack","Nioro du Rip","Medina Sabakh",2023,323.439178466797
"Kaolack","Nioro du Rip","Medina Sabakh",2024,421.489227294922
"Kaolack","Nioro du Rip","Paos Koto",2012,58.3573303222656
"Kaolack","Nioro du Rip","Paos Koto",2013,63.7518157958984
"Kaolack","Nioro du Rip","Paos Koto",2014,60.2048492431641
"Kaolack","Nioro du Rip","Paos Koto",2015,65.383918762207
"Kaolack","Nioro du Rip","Paos Koto",2016,53.9430274963379
"Kaolack","Nioro du Rip","Paos Koto",2017,76.3041687011719
"Kaolack","Nioro du Rip","Paos Koto",2018,87.9636154174805
"Kaolack","Nioro du Rip","Paos Koto",2019,184.406204223633
"Kaolack","Nioro du Rip","Paos Koto",2020,346.724914550781
"Kaolack","Nioro du Rip","Paos Koto",2021,395.9931640625
"Kaolack","Nioro du Rip","Paos Koto",2022,802.748168945312
"Kaolack","Nioro du Rip","Paos Koto",2023,1608.96166992188
"Kaolack","Nioro du Rip","Paos Koto",2024,1574.53796386719
"Kaolack","Nioro du Rip","Wack Ngouna",2012,15.8880367279053
"Kaolack","Nioro du Rip","Wack Ngouna",2013,14.6784839630127
"Kaolack","Nioro du Rip","Wack Ngouna",2014,15.3384466171265
"Kaolack","Nioro du Rip","Wack Ngouna",2015,14.4883842468262
"Kaolack","Nioro du Rip","Wack Ngouna",2016,7.55876493453979
"Kaolack","Nioro du Rip","Wack Ngouna",2017,7.49872255325317
"Kaolack","Nioro du Rip","Wack Ngouna",2018,10.8620491027832
"Kaolack","Nioro du Rip","Wack Ngouna",2019,31.3251056671143
"Kaolack","Nioro du Rip","Wack Ngouna",2020,69.2119979858398
"Kaolack","Nioro du Rip","Wack Ngouna",2021,111.390380859375
"Kaolack","Nioro du Rip","Wack Ngouna",2022,302.730041503906
"Kaolack","Nioro du Rip","Wack Ngouna",2023,589.904968261719
"Kaolack","Nioro du Rip","Wack Ngouna",2024,520.724060058594
"Kolda","Kolda","Dioulacolon",2012,20.8432369232178
"Kolda","Kolda","Dioulacolon",2013,23.0600242614746
"Kolda","Kolda","Dioulacolon",2014,18.9903297424316
"Kolda","Kolda","Dioulacolon",2015,10.9109745025635
"Kolda","Kolda","Dioulacolon",2016,13.2084627151489
"Kolda","Kolda","Dioulacolon",2017,13.6511116027832
"Kolda","Kolda","Dioulacolon",2018,13.4789838790894
"Kolda","Kolda","Dioulacolon",2019,22.946964263916
"Kolda","Kolda","Dioulacolon",2020,35.9062423706055
"Kolda","Kolda","Dioulacolon",2021,44.731258392334
"Kolda","Kolda","Dioulacolon",2022,65.2720642089844
"Kolda","Kolda","Dioulacolon",2023,114.469970703125
"Kolda","Kolda","Dioulacolon",2024,255.412536621094
"Kolda","Kolda","Mampatim",2012,0
"Kolda","Kolda","Mampatim",2013,0
"Kolda","Kolda","Mampatim",2014,9.7870044708252
"Kolda","Kolda","Mampatim",2015,4.0380334854126
"Kolda","Kolda","Mampatim",2016,0
"Kolda","Kolda","Mampatim",2017,1.09513926506042
"Kolda","Kolda","Mampatim",2018,0.554063141345978
"Kolda","Kolda","Mampatim",2019,2.34053707122803
"Kolda","Kolda","Mampatim",2020,0
"Kolda","Kolda","Mampatim",2021,4.07528400421143
"Kolda","Kolda","Mampatim",2022,96.2766494750977
"Kolda","Kolda","Mampatim",2023,127.565567016602
"Kolda","Kolda","Mampatim",2024,198.433166503906
"Kolda","Kolda","Sare Bidji",2012,414.971496582031
"Kolda","Kolda","Sare Bidji",2013,541.866577148438
"Kolda","Kolda","Sare Bidji",2014,414.928985595703
"Kolda","Kolda","Sare Bidji",2015,278.877502441406
"Kolda","Kolda","Sare Bidji",2016,229.670501708984
"Kolda","Kolda","Sare Bidji",2017,214.867645263672
"Kolda","Kolda","Sare Bidji",2018,167.878143310547
"Kolda","Kolda","Sare Bidji",2019,164.765930175781
"Kolda","Kolda","Sare Bidji",2020,249.027282714844
"Kolda","Kolda","Sare Bidji",2021,227.642303466797
"Kolda","Kolda","Sare Bidji",2022,370.030975341797
"Kolda","Kolda","Sare Bidji",2023,396.920989990234
"Kolda","Kolda","Sare Bidji",2024,789.786926269531
"Kolda","Médina Yoro Foula","Fafacourou",2012,0
"Kolda","Médina Yoro Foula","Fafacourou",2013,0
"Kolda","Médina Yoro Foula","Fafacourou",2014,0
"Kolda","Médina Yoro Foula","Fafacourou",2015,0
"Kolda","Médina Yoro Foula","Fafacourou",2016,0
"Kolda","Médina Yoro Foula","Fafacourou",2017,0
"Kolda","Médina Yoro Foula","Fafacourou",2018,0
"Kolda","Médina Yoro Foula","Fafacourou",2019,0
"Kolda","Médina Yoro Foula","Fafacourou",2020,0
"Kolda","Médina Yoro Foula","Fafacourou",2021,0
"Kolda","Médina Yoro Foula","Fafacourou",2022,0
"Kolda","Médina Yoro Foula","Fafacourou",2023,0
"Kolda","Médina Yoro Foula","Fafacourou",2024,3.47057127952576
"Kolda","Médina Yoro Foula","Ndorna",2012,0.00626929150894284
"Kolda","Médina Yoro Foula","Ndorna",2013,0
"Kolda","Médina Yoro Foula","Ndorna",2014,0
"Kolda","Médina Yoro Foula","Ndorna",2015,0
"Kolda","Médina Yoro Foula","Ndorna",2016,0
"Kolda","Médina Yoro Foula","Ndorna",2017,0
"Kolda","Médina Yoro Foula","Ndorna",2018,0
"Kolda","Médina Yoro Foula","Ndorna",2019,0
"Kolda","Médina Yoro Foula","Ndorna",2020,0
"Kolda","Médina Yoro Foula","Ndorna",2021,0
"Kolda","Médina Yoro Foula","Ndorna",2022,0.00730068376287818
"Kolda","Médina Yoro Foula","Ndorna",2023,6.53020286560059
"Kolda","Médina Yoro Foula","Ndorna",2024,56.8355178833008
"Kolda","Médina Yoro Foula","Niaming",2012,0.110328137874603
"Kolda","Médina Yoro Foula","Niaming",2013,0
"Kolda","Médina Yoro Foula","Niaming",2014,0
"Kolda","Médina Yoro Foula","Niaming",2015,0
"Kolda","Médina Yoro Foula","Niaming",2016,0
"Kolda","Médina Yoro Foula","Niaming",2017,0
"Kolda","Médina Yoro Foula","Niaming",2018,0
"Kolda","Médina Yoro Foula","Niaming",2019,0
"Kolda","Médina Yoro Foula","Niaming",2020,0
"Kolda","Médina Yoro Foula","Niaming",2021,0
"Kolda","Médina Yoro Foula","Niaming",2022,8.01022624969482
"Kolda","Médina Yoro Foula","Niaming",2023,23.2417049407959
"Kolda","Médina Yoro Foula","Niaming",2024,79.7242660522461
"Kolda","Vélingara","Bonconto",2012,15.0245952606201
"Kolda","Vélingara","Bonconto",2013,10.7315311431885
"Kolda","Vélingara","Bonconto",2014,25.1418342590332
"Kolda","Vélingara","Bonconto",2015,17.3155899047852
"Kolda","Vélingara","Bonconto",2016,19.7917442321777
"Kolda","Vélingara","Bonconto",2017,14.1594610214233
"Kolda","Vélingara","Bonconto",2018,17.91845703125
"Kolda","Vélingara","Bonconto",2019,21.7023048400879
"Kolda","Vélingara","Bonconto",2020,34.2496223449707
"Kolda","Vélingara","Bonconto",2021,65.1820373535156
"Kolda","Vélingara","Bonconto",2022,188.090118408203
"Kolda","Vélingara","Bonconto",2023,250.240188598633
"Kolda","Vélingara","Bonconto",2024,225.795166015625
"Kolda","Vélingara","Pakour",2012,0
"Kolda","Vélingara","Pakour",2013,0
"Kolda","Vélingara","Pakour",2014,0
"Kolda","Vélingara","Pakour",2015,0
"Kolda","Vélingara","Pakour",2016,0
"Kolda","Vélingara","Pakour",2017,0
"Kolda","Vélingara","Pakour",2018,0.65486752986908
"Kolda","Vélingara","Pakour",2019,1.15249013900757
"Kolda","Vélingara","Pakour",2020,0
"Kolda","Vélingara","Pakour",2021,0.537224650382996
"Kolda","Vélingara","Pakour",2022,1.90327477455139
"Kolda","Vélingara","Pakour",2023,5.82690334320068
"Kolda","Vélingara","Pakour",2024,16.6463661193848
"Kolda","Vélingara","Sare Coly Sale",2012,44.1591835021973
"Kolda","Vélingara","Sare Coly Sale",2013,40.9008865356445
"Kolda","Vélingara","Sare Coly Sale",2014,43.7840461730957
"Kolda","Vélingara","Sare Coly Sale",2015,42.5531272888184
"Kolda","Vélingara","Sare Coly Sale",2016,33.8343048095703
"Kolda","Vélingara","Sare Coly Sale",2017,42.0315933227539
"Kolda","Vélingara","Sare Coly Sale",2018,68.0179672241211
"Kolda","Vélingara","Sare Coly Sale",2019,65.818733215332
"Kolda","Vélingara","Sare Coly Sale",2020,93.739143371582
"Kolda","Vélingara","Sare Coly Sale",2021,124.464553833008
"Kolda","Vélingara","Sare Coly Sale",2022,243.232345581055
"Kolda","Vélingara","Sare Coly Sale",2023,383.307708740234
"Kolda","Vélingara","Sare Coly Sale",2024,481.645538330078
"Kédougou","Kédougou","Bandafassi",2012,19.2887477874756
"Kédougou","Kédougou","Bandafassi",2013,29.4342613220215
"Kédougou","Kédougou","Bandafassi",2014,52.1226997375488
"Kédougou","Kédougou","Bandafassi",2015,49.4255104064941
"Kédougou","Kédougou","Bandafassi",2016,51.9213829040527
"Kédougou","Kédougou","Bandafassi",2017,56.5853729248047
"Kédougou","Kédougou","Bandafassi",2018,345.397583007812
"Kédougou","Kédougou","Bandafassi",2019,300.233978271484
"Kédougou","Kédougou","Bandafassi",2020,331.982177734375
"Kédougou","Kédougou","Bandafassi",2021,437.645874023438
"Kédougou","Kédougou","Bandafassi",2022,498.716522216797
"Kédougou","Kédougou","Bandafassi",2023,668.330200195312
"Kédougou","Kédougou","Bandafassi",2024,687.142944335938
"Kédougou","Kédougou","Fongolimbi",2012,1.04000508785248
"Kédougou","Kédougou","Fongolimbi",2013,0.667789340019226
"Kédougou","Kédougou","Fongolimbi",2014,1.01668083667755
"Kédougou","Kédougou","Fongolimbi",2015,0.606667160987854
"Kédougou","Kédougou","Fongolimbi",2016,1.20264256000519
"Kédougou","Kédougou","Fongolimbi",2017,2.60285711288452
"Kédougou","Kédougou","Fongolimbi",2018,4.46873617172241
"Kédougou","Kédougou","Fongolimbi",2019,2.20254063606262
"Kédougou","Kédougou","Fongolimbi",2020,3.50109767913818
"Kédougou","Kédougou","Fongolimbi",2021,10.1759977340698
"Kédougou","Kédougou","Fongolimbi",2022,36.0796546936035
"Kédougou","Kédougou","Fongolimbi",2023,48.3219108581543
"Kédougou","Kédougou","Fongolimbi",2024,79.9624557495117
"Kédougou","Salémata","Dakately",2012,0
"Kédougou","Salémata","Dakately",2013,0
"Kédougou","Salémata","Dakately",2014,0
"Kédougou","Salémata","Dakately",2015,0
"Kédougou","Salémata","Dakately",2016,0
"Kédougou","Salémata","Dakately",2017,0
"Kédougou","Salémata","Dakately",2018,0
"Kédougou","Salémata","Dakately",2019,0
"Kédougou","Salémata","Dakately",2020,0
"Kédougou","Salémata","Dakately",2021,0
"Kédougou","Salémata","Dakately",2022,0
"Kédougou","Salémata","Dakately",2023,0
"Kédougou","Salémata","Dakately",2024,0.554217398166656
"Kédougou","Salémata","Dar Salam",2012,0
"Kédougou","Salémata","Dar Salam",2013,0
"Kédougou","Salémata","Dar Salam",2014,0
"Kédougou","Salémata","Dar Salam",2015,0
"Kédougou","Salémata","Dar Salam",2016,0
"Kédougou","Salémata","Dar Salam",2017,0
"Kédougou","Salémata","Dar Salam",2018,0
"Kédougou","Salémata","Dar Salam",2019,0
"Kédougou","Salémata","Dar Salam",2020,0.702641546726227
"Kédougou","Salémata","Dar Salam",2021,9.74230098724365
"Kédougou","Salémata","Dar Salam",2022,14.3480110168457
"Kédougou","Salémata","Dar Salam",2023,17.5103607177734
"Kédougou","Salémata","Dar Salam",2024,26.8691520690918
"Kédougou","Saraya","Bembou",2012,13.3929042816162
"Kédougou","Saraya","Bembou",2013,16.5054664611816
"Kédougou","Saraya","Bembou",2014,10.90367603302
"Kédougou","Saraya","Bembou",2015,30.1415500640869
"Kédougou","Saraya","Bembou",2016,24.9806709289551
"Kédougou","Saraya","Bembou",2017,16.1558609008789
"Kédougou","Saraya","Bembou",2018,27.4494342803955
"Kédougou","Saraya","Bembou",2019,23.0957698822021
"Kédougou","Saraya","Bembou",2020,21.2119750976562
"Kédougou","Saraya","Bembou",2021,53.9501571655273
"Kédougou","Saraya","Bembou",2022,173.801605224609
"Kédougou","Saraya","Bembou",2023,180.665832519531
"Kédougou","Saraya","Bembou",2024,270.189727783203
"Kédougou","Saraya","Sabodala",2012,455.072235107422
"Kédougou","Saraya","Sabodala",2013,410.955322265625
"Kédougou","Saraya","Sabodala",2014,409.813354492188
"Kédougou","Saraya","Sabodala",2015,418.031768798828
"Kédougou","Saraya","Sabodala",2016,379.723602294922
"Kédougou","Saraya","Sabodala",2017,435.586303710938
"Kédougou","Saraya","Sabodala",2018,427.274688720703
"Kédougou","Saraya","Sabodala",2019,408.877990722656
"Kédougou","Saraya","Sabodala",2020,442.372528076172
"Kédougou","Saraya","Sabodala",2021,603.15478515625
"Kédougou","Saraya","Sabodala",2022,570.004150390625
"Kédougou","Saraya","Sabodala",2023,612.666137695312
"Kédougou","Saraya","Sabodala",2024,925.501708984375
"Louga","Kébémer","Darou Mousty",2012,315.430480957031
"Louga","Kébémer","Darou Mousty",2013,299.465423583984
"Louga","Kébémer","Darou Mousty",2014,311.452514648438
"Louga","Kébémer","Darou Mousty",2015,370.042907714844
"Louga","Kébémer","Darou Mousty",2016,278.366577148438
"Louga","Kébémer","Darou Mousty",2017,295.047027587891
"Louga","Kébémer","Darou Mousty",2018,300.310485839844
"Louga","Kébémer","Darou Mousty",2019,349.563415527344
"Louga","Kébémer","Darou Mousty",2020,304.046936035156
"Louga","Kébémer","Darou Mousty",2021,316.518920898438
"Louga","Kébémer","Darou Mousty",2022,536.127014160156
"Louga","Kébémer","Darou Mousty",2023,859.5869140625
"Louga","Kébémer","Darou Mousty",2024,885.882263183594
"Louga","Kébémer","Sagatta Gueth",2012,194.034408569336
"Louga","Kébémer","Sagatta Gueth",2013,166.595733642578
"Louga","Kébémer","Sagatta Gueth",2014,167.745681762695
"Louga","Kébémer","Sagatta Gueth",2015,186.771850585938
"Louga","Kébémer","Sagatta Gueth",2016,153.526916503906
"Louga","Kébémer","Sagatta Gueth",2017,145.134872436523
"Louga","Kébémer","Sagatta Gueth",2018,163.701095581055
"Louga","Kébémer","Sagatta Gueth",2019,146.869293212891
"Louga","Kébémer","Sagatta Gueth",2020,159.042831420898
"Louga","Kébémer","Sagatta Gueth",2021,392.703979492188
"Louga","Kébémer","Sagatta Gueth",2022,633.322082519531
"Louga","Kébémer","Sagatta Gueth",2023,821.36669921875
"Louga","Kébémer","Sagatta Gueth",2024,951.105041503906
"Louga","Linguère","Barkedji",2012,0
"Louga","Linguère","Barkedji",2013,0
"Louga","Linguère","Barkedji",2014,0
"Louga","Linguère","Barkedji",2015,0
"Louga","Linguère","Barkedji",2016,0
"Louga","Linguère","Barkedji",2017,0
"Louga","Linguère","Barkedji",2018,0
"Louga","Linguère","Barkedji",2019,0
"Louga","Linguère","Barkedji",2020,34.8779945373535
"Louga","Linguère","Barkedji",2021,32.9723129272461
"Louga","Linguère","Barkedji",2022,27.9938793182373
"Louga","Linguère","Barkedji",2023,42.6185493469238
"Louga","Linguère","Barkedji",2024,122.503677368164
"Louga","Linguère","Dodji",2012,93.249641418457
"Louga","Linguère","Dodji",2013,123.57689666748
"Louga","Linguère","Dodji",2014,83.4323501586914
"Louga","Linguère","Dodji",2015,74.2896423339844
"Louga","Linguère","Dodji",2016,64.3183517456055
"Louga","Linguère","Dodji",2017,48.2848091125488
"Louga","Linguère","Dodji",2018,55.8060264587402
"Louga","Linguère","Dodji",2019,67.8719177246094
"Louga","Linguère","Dodji",2020,207.757690429688
"Louga","Linguère","Dodji",2021,183.464721679688
"Louga","Linguère","Dodji",2022,172.535385131836
"Louga","Linguère","Dodji",2023,211.594909667969
"Louga","Linguère","Dodji",2024,215.179779052734
"Louga","Linguère","Sagatta Djolof",2012,29.2376441955566
"Louga","Linguère","Sagatta Djolof",2013,40.4173126220703
"Louga","Linguère","Sagatta Djolof",2014,61.751091003418
"Louga","Linguère","Sagatta Djolof",2015,62.1763458251953
"Louga","Linguère","Sagatta Djolof",2016,51.1144828796387
"Louga","Linguère","Sagatta Djolof",2017,68.4463119506836
"Louga","Linguère","Sagatta Djolof",2018,70.7029647827148
"Louga","Linguère","Sagatta Djolof",2019,82.1289825439453
"Louga","Linguère","Sagatta Djolof",2020,198.850158691406
"Louga","Linguère","Sagatta Djolof",2021,209.187744140625
"Louga","Linguère","Sagatta Djolof",2022,310.971282958984
"Louga","Linguère","Sagatta Djolof",2023,421.023223876953
"Louga","Linguère","Sagatta Djolof",2024,539.855651855469
"Louga","Linguère","Yang Yang",2012,1.19164323806763
"Louga","Linguère","Yang Yang",2013,0.616389393806458
"Louga","Linguère","Yang Yang",2014,2.53675842285156
"Louga","Linguère","Yang Yang",2015,2.63745808601379
"Louga","Linguère","Yang Yang",2016,0
"Louga","Linguère","Yang Yang",2017,0.529843986034393
"Louga","Linguère","Yang Yang",2018,0
"Louga","Linguère","Yang Yang",2019,0.503955781459808
"Louga","Linguère","Yang Yang",2020,0
"Louga","Linguère","Yang Yang",2021,0.679215133190155
"Louga","Linguère","Yang Yang",2022,3.14329528808594
"Louga","Linguère","Yang Yang",2023,12.8423538208008
"Louga","Linguère","Yang Yang",2024,48.7412033081055
"Louga","Louga","Coki",2012,30.4449787139893
"Louga","Louga","Coki",2013,60.601131439209
"Louga","Louga","Coki",2014,88.5925369262695
"Louga","Louga","Coki",2015,69.4858551025391
"Louga","Louga","Coki",2016,61.4085540771484
"Louga","Louga","Coki",2017,91.4717178344727
"Louga","Louga","Coki",2018,74.4210357666016
"Louga","Louga","Coki",2019,85.700798034668
"Louga","Louga","Coki",2020,64.377197265625
"Louga","Louga","Coki",2021,90.1139602661133
"Louga","Louga","Coki",2022,260.492553710938
"Louga","Louga","Coki",2023,408.320709228516
"Louga","Louga","Coki",2024,553.459777832031
"Louga","Louga","Mbediene",2012,282.9365234375
"Louga","Louga","Mbediene",2013,302.517578125
"Louga","Louga","Mbediene",2014,311.722991943359
"Louga","Louga","Mbediene",2015,318.686706542969
"Louga","Louga","Mbediene",2016,368.132354736328
"Louga","Louga","Mbediene",2017,810.159912109375
"Louga","Louga","Mbediene",2018,802.827209472656
"Louga","Louga","Mbediene",2019,852.529235839844
"Louga","Louga","Mbediene",2020,906.008850097656
"Louga","Louga","Mbediene",2021,1369.20788574219
"Louga","Louga","Mbediene",2022,2028.2734375
"Louga","Louga","Mbediene",2023,2213.99584960938
"Louga","Louga","Mbediene",2024,2118.45556640625
"Louga","Louga","Meur Momar Sarr",2012,34.7124557495117
"Louga","Louga","Meur Momar Sarr",2013,28.5352382659912
"Louga","Louga","Meur Momar Sarr",2014,34.6470527648926
"Louga","Louga","Meur Momar Sarr",2015,33.4083786010742
"Louga","Louga","Meur Momar Sarr",2016,25.8865642547607
"Louga","Louga","Meur Momar Sarr",2017,26.5432796478271
"Louga","Louga","Meur Momar Sarr",2018,30.8887805938721
"Louga","Louga","Meur Momar Sarr",2019,33.030818939209
"Louga","Louga","Meur Momar Sarr",2020,41.8124618530273
"Louga","Louga","Meur Momar Sarr",2021,67.5619506835938
"Louga","Louga","Meur Momar Sarr",2022,144.662139892578
"Louga","Louga","Meur Momar Sarr",2023,201.541397094727
"Louga","Louga","Meur Momar Sarr",2024,251.061752319336
"Louga","Louga","Sakal",2012,23.0516338348389
"Louga","Louga","Sakal",2013,31.0093288421631
"Louga","Louga","Sakal",2014,31.0285053253174
"Louga","Louga","Sakal",2015,26.065559387207
"Louga","Louga","Sakal",2016,20.7585906982422
"Louga","Louga","Sakal",2017,26.7383308410645
"Louga","Louga","Sakal",2018,33.0274620056152
"Louga","Louga","Sakal",2019,43.9911651611328
"Louga","Louga","Sakal",2020,38.2220764160156
"Louga","Louga","Sakal",2021,77.3098526000977
"Louga","Louga","Sakal",2022,220.447708129883
"Louga","Louga","Sakal",2023,434.861206054688
"Louga","Louga","Sakal",2024,452.422515869141
"Matam","Kanel","Orkadiere",2012,13.6655960083008
"Matam","Kanel","Orkadiere",2013,22.7266807556152
"Matam","Kanel","Orkadiere",2014,11.7944850921631
"Matam","Kanel","Orkadiere",2015,16.2920455932617
"Matam","Kanel","Orkadiere",2016,11.2827835083008
"Matam","Kanel","Orkadiere",2017,13.1240653991699
"Matam","Kanel","Orkadiere",2018,18.485689163208
"Matam","Kanel","Orkadiere",2019,61.9272308349609
"Matam","Kanel","Orkadiere",2020,59.7346878051758
"Matam","Kanel","Orkadiere",2021,72.4949569702148
"Matam","Kanel","Orkadiere",2022,114.148643493652
"Matam","Kanel","Orkadiere",2023,291.614868164062
"Matam","Kanel","Orkadiere",2024,321.571838378906
"Matam","Kanel","Ouro Sidy",2012,10.9731740951538
"Matam","Kanel","Ouro Sidy",2013,6.45914554595947
"Matam","Kanel","Ouro Sidy",2014,5.31760692596436
"Matam","Kanel","Ouro Sidy",2015,18.5045967102051
"Matam","Kanel","Ouro Sidy",2016,21.5468730926514
"Matam","Kanel","Ouro Sidy",2017,12.963885307312
"Matam","Kanel","Ouro Sidy",2018,20.1933994293213
"Matam","Kanel","Ouro Sidy",2019,21.4296588897705
"Matam","Kanel","Ouro Sidy",2020,38.3832054138184
"Matam","Kanel","Ouro Sidy",2021,56.7011795043945
"Matam","Kanel","Ouro Sidy",2022,69.1975402832031
"Matam","Kanel","Ouro Sidy",2023,199.627868652344
"Matam","Kanel","Ouro Sidy",2024,255.80143737793
"Matam","Matam","Agnam Civol",2012,8.8994026184082
"Matam","Matam","Agnam Civol",2013,17.8829212188721
"Matam","Matam","Agnam Civol",2014,19.2001438140869
"Matam","Matam","Agnam Civol",2015,15.2616415023804
"Matam","Matam","Agnam Civol",2016,31.4163341522217
"Matam","Matam","Agnam Civol",2017,45.1400489807129
"Matam","Matam","Agnam Civol",2018,56.5226707458496
"Matam","Matam","Agnam Civol",2019,49.9987030029297
"Matam","Matam","Agnam Civol",2020,66.7140960693359
"Matam","Matam","Agnam Civol",2021,85.9163360595703
"Matam","Matam","Agnam Civol",2022,105.095024108887
"Matam","Matam","Agnam Civol",2023,146.1669921875
"Matam","Matam","Agnam Civol",2024,289.958129882812
"Matam","Matam","Ogo",2012,105.165031433105
"Matam","Matam","Ogo",2013,114.407356262207
"Matam","Matam","Ogo",2014,127.565093994141
"Matam","Matam","Ogo",2015,130.621078491211
"Matam","Matam","Ogo",2016,140.989105224609
"Matam","Matam","Ogo",2017,229.120178222656
"Matam","Matam","Ogo",2018,222.092880249023
"Matam","Matam","Ogo",2019,199.392593383789
"Matam","Matam","Ogo",2020,352.261474609375
"Matam","Matam","Ogo",2021,413.175506591797
"Matam","Matam","Ogo",2022,502.148223876953
"Matam","Matam","Ogo",2023,645.953552246094
"Matam","Matam","Ogo",2024,719.603637695312
"Matam","Ranérou Ferlo","Velingara",2012,8.33409118652344
"Matam","Ranérou Ferlo","Velingara",2013,7.0380916595459
"Matam","Ranérou Ferlo","Velingara",2014,7.78765392303467
"Matam","Ranérou Ferlo","Velingara",2015,7.34266901016235
"Matam","Ranérou Ferlo","Velingara",2016,5.88491725921631
"Matam","Ranérou Ferlo","Velingara",2017,3.04901456832886
"Matam","Ranérou Ferlo","Velingara",2018,2.41079473495483
"Matam","Ranérou Ferlo","Velingara",2019,2.33487510681152
"Matam","Ranérou Ferlo","Velingara",2020,6.83312225341797
"Matam","Ranérou Ferlo","Velingara",2021,13.2653818130493
"Matam","Ranérou Ferlo","Velingara",2022,22.5278377532959
"Matam","Ranérou Ferlo","Velingara",2023,60.7279319763184
"Matam","Ranérou Ferlo","Velingara",2024,170.017211914062
"Saint-Louis","Dagana","Mbane",2012,161.739227294922
"Saint-Louis","Dagana","Mbane",2013,141.478256225586
"Saint-Louis","Dagana","Mbane",2014,117.544853210449
"Saint-Louis","Dagana","Mbane",2015,133.724212646484
"Saint-Louis","Dagana","Mbane",2016,147.210083007812
"Saint-Louis","Dagana","Mbane",2017,212.542877197266
"Saint-Louis","Dagana","Mbane",2018,221.648391723633
"Saint-Louis","Dagana","Mbane",2019,226.589645385742
"Saint-Louis","Dagana","Mbane",2020,283.516632080078
"Saint-Louis","Dagana","Mbane",2021,274.893096923828
"Saint-Louis","Dagana","Mbane",2022,332.412689208984
"Saint-Louis","Dagana","Mbane",2023,407.650115966797
"Saint-Louis","Dagana","Mbane",2024,519.472595214844
"Saint-Louis","Dagana","Ndiaye Mberess",2012,370.701263427734
"Saint-Louis","Dagana","Ndiaye Mberess",2013,371.474792480469
"Saint-Louis","Dagana","Ndiaye Mberess",2014,387.022766113281
"Saint-Louis","Dagana","Ndiaye Mberess",2015,418.967834472656
"Saint-Louis","Dagana","Ndiaye Mberess",2016,481.329071044922
"Saint-Louis","Dagana","Ndiaye Mberess",2017,469.907592773438
"Saint-Louis","Dagana","Ndiaye Mberess",2018,442.897247314453
"Saint-Louis","Dagana","Ndiaye Mberess",2019,472.545440673828
"Saint-Louis","Dagana","Ndiaye Mberess",2020,570.817443847656
"Saint-Louis","Dagana","Ndiaye Mberess",2021,599.006408691406
"Saint-Louis","Dagana","Ndiaye Mberess",2022,757.681335449219
"Saint-Louis","Dagana","Ndiaye Mberess",2023,854.753234863281
"Saint-Louis","Dagana","Ndiaye Mberess",2024,1100.54638671875
"Saint-Louis","Podor","Cas Cas",2012,23.9779186248779
"Saint-Louis","Podor","Cas Cas",2013,19.4227714538574
"Saint-Louis","Podor","Cas Cas",2014,12.4897480010986
"Saint-Louis","Podor","Cas Cas",2015,12.9279174804688
"Saint-Louis","Podor","Cas Cas",2016,16.5763206481934
"Saint-Louis","Podor","Cas Cas",2017,14.5867595672607
"Saint-Louis","Podor","Cas Cas",2018,8.46937274932861
"Saint-Louis","Podor","Cas Cas",2019,8.32210826873779
"Saint-Louis","Podor","Cas Cas",2020,10.5499496459961
"Saint-Louis","Podor","Cas Cas",2021,14.797308921814
"Saint-Louis","Podor","Cas Cas",2022,45.5018730163574
"Saint-Louis","Podor","Cas Cas",2023,71.8119430541992
"Saint-Louis","Podor","Cas Cas",2024,364.245574951172
"Saint-Louis","Podor","Gamadji Sarre",2012,45.0636596679688
"Saint-Louis","Podor","Gamadji Sarre",2013,57.5679397583008
"Saint-Louis","Podor","Gamadji Sarre",2014,46.7275123596191
"Saint-Louis","Podor","Gamadji Sarre",2015,39.7101821899414
"Saint-Louis","Podor","Gamadji Sarre",2016,21.7163639068604
"Saint-Louis","Podor","Gamadji Sarre",2017,61.4158706665039
"Saint-Louis","Podor","Gamadji Sarre",2018,49.901668548584
"Saint-Louis","Podor","Gamadji Sarre",2019,83.2812118530273
"Saint-Louis","Podor","Gamadji Sarre",2020,255.110992431641
"Saint-Louis","Podor","Gamadji Sarre",2021,280.533142089844
"Saint-Louis","Podor","Gamadji Sarre",2022,218.451995849609
"Saint-Louis","Podor","Gamadji Sarre",2023,237.287841796875
"Saint-Louis","Podor","Gamadji Sarre",2024,300.653381347656
"Saint-Louis","Podor","Salde",2012,7.5784764289856
"Saint-Louis","Podor","Salde",2013,5.89210748672485
"Saint-Louis","Podor","Salde",2014,7.30210113525391
"Saint-Louis","Podor","Salde",2015,8.94940853118896
"Saint-Louis","Podor","Salde",2016,4.3674635887146
"Saint-Louis","Podor","Salde",2017,4.1285252571106
"Saint-Louis","Podor","Salde",2018,3.01236200332642
"Saint-Louis","Podor","Salde",2019,3.78449010848999
"Saint-Louis","Podor","Salde",2020,3.54221606254578
"Saint-Louis","Podor","Salde",2021,32.1953964233398
"Saint-Louis","Podor","Salde",2022,42.5949172973633
"Saint-Louis","Podor","Salde",2023,57.3472137451172
"Saint-Louis","Podor","Salde",2024,77.149299621582
"Saint-Louis","Podor","Thile Boubacar",2012,24.5276470184326
"Saint-Louis","Podor","Thile Boubacar",2013,29.4143581390381
"Saint-Louis","Podor","Thile Boubacar",2014,21.4041900634766
"Saint-Louis","Podor","Thile Boubacar",2015,14.1053085327148
"Saint-Louis","Podor","Thile Boubacar",2016,16.3986530303955
"Saint-Louis","Podor","Thile Boubacar",2017,24.3879375457764
"Saint-Louis","Podor","Thile Boubacar",2018,37.2173919677734
"Saint-Louis","Podor","Thile Boubacar",2019,34.4786262512207
"Saint-Louis","Podor","Thile Boubacar",2020,62.1157608032227
"Saint-Louis","Podor","Thile Boubacar",2021,65.5651168823242
"Saint-Louis","Podor","Thile Boubacar",2022,85.4583587646484
"Saint-Louis","Podor","Thile Boubacar",2023,127.1806640625
"Saint-Louis","Podor","Thile Boubacar",2024,160.024627685547
"Saint-Louis","Saint-Louis","Rao",2012,662.212463378906
"Saint-Louis","Saint-Louis","Rao",2013,661.248657226562
"Saint-Louis","Saint-Louis","Rao",2014,704.974060058594
"Saint-Louis","Saint-Louis","Rao",2015,660.271240234375
"Saint-Louis","Saint-Louis","Rao",2016,625.177856445312
"Saint-Louis","Saint-Louis","Rao",2017,918.570373535156
"Saint-Louis","Saint-Louis","Rao",2018,1228.63073730469
"Saint-Louis","Saint-Louis","Rao",2019,1184.30908203125
"Saint-Louis","Saint-Louis","Rao",2020,1429.32495117188
"Saint-Louis","Saint-Louis","Rao",2021,1539.23864746094
"Saint-Louis","Saint-Louis","Rao",2022,2042.03918457031
"Saint-Louis","Saint-Louis","Rao",2023,2760.62158203125
"Saint-Louis","Saint-Louis","Rao",2024,2807.65283203125
"Sédhiou","Bounkiling","Boghal",2012,2.68654274940491
"Sédhiou","Bounkiling","Boghal",2013,1.04192137718201
"Sédhiou","Bounkiling","Boghal",2014,0.517961621284485
"Sédhiou","Bounkiling","Boghal",2015,3.57712483406067
"Sédhiou","Bounkiling","Boghal",2016,0.576182126998901
"Sédhiou","Bounkiling","Boghal",2017,0.669630646705627
"Sédhiou","Bounkiling","Boghal",2018,0
"Sédhiou","Bounkiling","Boghal",2019,3.04568386077881
"Sédhiou","Bounkiling","Boghal",2020,2.26657438278198
"Sédhiou","Bounkiling","Boghal",2021,5.24762916564941
"Sédhiou","Bounkiling","Boghal",2022,20.5987644195557
"Sédhiou","Bounkiling","Boghal",2023,55.0957832336426
"Sédhiou","Bounkiling","Boghal",2024,161.421340942383
"Sédhiou","Bounkiling","Bona",2012,8.10714435577393
"Sédhiou","Bounkiling","Bona",2013,6.92318058013916
"Sédhiou","Bounkiling","Bona",2014,4.23273086547852
"Sédhiou","Bounkiling","Bona",2015,3.50999736785889
"Sédhiou","Bounkiling","Bona",2016,1.64950060844421
"Sédhiou","Bounkiling","Bona",2017,3.8304271697998
"Sédhiou","Bounkiling","Bona",2018,4.16063737869263
"Sédhiou","Bounkiling","Bona",2019,26.7203025817871
"Sédhiou","Bounkiling","Bona",2020,42.7172393798828
"Sédhiou","Bounkiling","Bona",2021,47.9173927307129
"Sédhiou","Bounkiling","Bona",2022,84.6328964233398
"Sédhiou","Bounkiling","Bona",2023,129.816635131836
"Sédhiou","Bounkiling","Bona",2024,226.346328735352
"Sédhiou","Bounkiling","Diaroume",2012,0
"Sédhiou","Bounkiling","Diaroume",2013,0
"Sédhiou","Bounkiling","Diaroume",2014,0
"Sédhiou","Bounkiling","Diaroume",2015,0
"Sédhiou","Bounkiling","Diaroume",2016,0
"Sédhiou","Bounkiling","Diaroume",2017,0
"Sédhiou","Bounkiling","Diaroume",2018,0
"Sédhiou","Bounkiling","Diaroume",2019,0
"Sédhiou","Bounkiling","Diaroume",2020,0
"Sédhiou","Bounkiling","Diaroume",2021,2.73150372505188
"Sédhiou","Bounkiling","Diaroume",2022,9.49891948699951
"Sédhiou","Bounkiling","Diaroume",2023,47.0218620300293
"Sédhiou","Bounkiling","Diaroume",2024,59.945629119873
"Sédhiou","Goudomp","Djibanar",2012,8.00185585021973
"Sédhiou","Goudomp","Djibanar",2013,3.57506966590881
"Sédhiou","Goudomp","Djibanar",2014,3.48841404914856
"Sédhiou","Goudomp","Djibanar",2015,4.86914253234863
"Sédhiou","Goudomp","Djibanar",2016,1.76012110710144
"Sédhiou","Goudomp","Djibanar",2017,2.96660661697388
"Sédhiou","Goudomp","Djibanar",2018,3.24130773544312
"Sédhiou","Goudomp","Djibanar",2019,3.22670149803162
"Sédhiou","Goudomp","Djibanar",2020,3.20254826545715
"Sédhiou","Goudomp","Djibanar",2021,13.6793489456177
"Sédhiou","Goudomp","Djibanar",2022,53.109935760498
"Sédhiou","Goudomp","Djibanar",2023,81.0348892211914
"Sédhiou","Goudomp","Djibanar",2024,127.828712463379
"Sédhiou","Goudomp","Karantaba",2012,0.580865919589996
"Sédhiou","Goudomp","Karantaba",2013,1.07187056541443
"Sédhiou","Goudomp","Karantaba",2014,0
"Sédhiou","Goudomp","Karantaba",2015,0.507066130638123
"Sédhiou","Goudomp","Karantaba",2016,0.564399182796478
"Sédhiou","Goudomp","Karantaba",2017,0
"Sédhiou","Goudomp","Karantaba",2018,0
"Sédhiou","Goudomp","Karantaba",2019,0.29820454120636
"Sédhiou","Goudomp","Karantaba",2020,0.17644539475441
"Sédhiou","Goudomp","Karantaba",2021,1.5062952041626
"Sédhiou","Goudomp","Karantaba",2022,2.65044713020325
"Sédhiou","Goudomp","Karantaba",2023,8.00102519989014
"Sédhiou","Goudomp","Karantaba",2024,14.3792772293091
"Sédhiou","Goudomp","Simbandi Brassou",2012,4.6394248008728
"Sédhiou","Goudomp","Simbandi Brassou",2013,2.80719113349915
"Sédhiou","Goudomp","Simbandi Brassou",2014,2.47101259231567
"Sédhiou","Goudomp","Simbandi Brassou",2015,2.41214275360107
"Sédhiou","Goudomp","Simbandi Brassou",2016,2.33322167396545
"Sédhiou","Goudomp","Simbandi Brassou",2017,1.79617357254028
"Sédhiou","Goudomp","Simbandi Brassou",2018,2.43607354164124
"Sédhiou","Goudomp","Simbandi Brassou",2019,2.1851954460144
"Sédhiou","Goudomp","Simbandi Brassou",2020,1.82813429832458
"Sédhiou","Goudomp","Simbandi Brassou",2021,3.58261299133301
"Sédhiou","Goudomp","Simbandi Brassou",2022,21.7712478637695
"Sédhiou","Goudomp","Simbandi Brassou",2023,111.556640625
"Sédhiou","Goudomp","Simbandi Brassou",2024,132.257827758789
"Sédhiou","Sédhiou","Diende",2012,29.15944480896
"Sédhiou","Sédhiou","Diende",2013,26.8257446289062
"Sédhiou","Sédhiou","Diende",2014,25.7696876525879
"Sédhiou","Sédhiou","Diende",2015,29.5501823425293
"Sédhiou","Sédhiou","Diende",2016,23.714714050293
"Sédhiou","Sédhiou","Diende",2017,30.0102882385254
"Sédhiou","Sédhiou","Diende",2018,32.8866424560547
"Sédhiou","Sédhiou","Diende",2019,110.643867492676
"Sédhiou","Sédhiou","Diende",2020,124.054954528809
"Sédhiou","Sédhiou","Diende",2021,193.421646118164
"Sédhiou","Sédhiou","Diende",2022,254.984176635742
"Sédhiou","Sédhiou","Diende",2023,356.392395019531
"Sédhiou","Sédhiou","Diende",2024,496.963562011719
"Sédhiou","Sédhiou","Djibabouya",2012,3.24384140968323
"Sédhiou","Sédhiou","Djibabouya",2013,2.75269389152527
"Sédhiou","Sédhiou","Djibabouya",2014,2.93514084815979
"Sédhiou","Sédhiou","Djibabouya",2015,0
"Sédhiou","Sédhiou","Djibabouya",2016,0.506178021430969
"Sédhiou","Sédhiou","Djibabouya",2017,3.06256341934204
"Sédhiou","Sédhiou","Djibabouya",2018,2.62651872634888
"Sédhiou","Sédhiou","Djibabouya",2019,9.19168186187744
"Sédhiou","Sédhiou","Djibabouya",2020,46.7464561462402
"Sédhiou","Sédhiou","Djibabouya",2021,41.7108955383301
"Sédhiou","Sédhiou","Djibabouya",2022,68.5564727783203
"Sédhiou","Sédhiou","Djibabouya",2023,96.1777725219727
"Sédhiou","Sédhiou","Djibabouya",2024,102.871589660645
"Sédhiou","Sédhiou","Djiredji",2012,2.7706093788147
"Sédhiou","Sédhiou","Djiredji",2013,0.533602476119995
"Sédhiou","Sédhiou","Djiredji",2014,0.553424775600433
"Sédhiou","Sédhiou","Djiredji",2015,0
"Sédhiou","Sédhiou","Djiredji",2016,0
"Sédhiou","Sédhiou","Djiredji",2017,0
"Sédhiou","Sédhiou","Djiredji",2018,0
"Sédhiou","Sédhiou","Djiredji",2019,0.999095797538757
"Sédhiou","Sédhiou","Djiredji",2020,0.934373557567596
"Sédhiou","Sédhiou","Djiredji",2021,11.5026922225952
"Sédhiou","Sédhiou","Djiredji",2022,14.3793697357178
"Sédhiou","Sédhiou","Djiredji",2023,53.5082969665527
"Sédhiou","Sédhiou","Djiredji",2024,33.6915626525879
"Tambacounda","Bakel","Bele",2012,7.48316526412964
"Tambacounda","Bakel","Bele",2013,7.34591150283813
"Tambacounda","Bakel","Bele",2014,7.3390326499939
"Tambacounda","Bakel","Bele",2015,8.02118873596191
"Tambacounda","Bakel","Bele",2016,8.7089786529541
"Tambacounda","Bakel","Bele",2017,8.37696552276611
"Tambacounda","Bakel","Bele",2018,10.2517309188843
"Tambacounda","Bakel","Bele",2019,14.9419803619385
"Tambacounda","Bakel","Bele",2020,14.4800186157227
"Tambacounda","Bakel","Bele",2021,24.2611751556396
"Tambacounda","Bakel","Bele",2022,60.073413848877
"Tambacounda","Bakel","Bele",2023,77.0058822631836
"Tambacounda","Bakel","Bele",2024,121.77725982666
"Tambacounda","Bakel","Kenieba",2012,1.8268963098526
"Tambacounda","Bakel","Kenieba",2013,0.623151838779449
"Tambacounda","Bakel","Kenieba",2014,0.540622413158417
"Tambacounda","Bakel","Kenieba",2015,1.17128229141235
"Tambacounda","Bakel","Kenieba",2016,0.999351680278778
"Tambacounda","Bakel","Kenieba",2017,0.494524151086807
"Tambacounda","Bakel","Kenieba",2018,0
"Tambacounda","Bakel","Kenieba",2019,0
"Tambacounda","Bakel","Kenieba",2020,0
"Tambacounda","Bakel","Kenieba",2021,0
"Tambacounda","Bakel","Kenieba",2022,0.554359436035156
"Tambacounda","Bakel","Kenieba",2023,1.0857298374176
"Tambacounda","Bakel","Kenieba",2024,5.69598865509033
"Tambacounda","Bakel","Moudery",2012,86.8344039916992
"Tambacounda","Bakel","Moudery",2013,101.294784545898
"Tambacounda","Bakel","Moudery",2014,105.431747436523
"Tambacounda","Bakel","Moudery",2015,120.39559173584
"Tambacounda","Bakel","Moudery",2016,111.504005432129
"Tambacounda","Bakel","Moudery",2017,74.4533996582031
"Tambacounda","Bakel","Moudery",2018,80.3800201416016
"Tambacounda","Bakel","Moudery",2019,77.8420944213867
"Tambacounda","Bakel","Moudery",2020,80.7134246826172
"Tambacounda","Bakel","Moudery",2021,78.2990570068359
"Tambacounda","Bakel","Moudery",2022,175.46875
"Tambacounda","Bakel","Moudery",2023,171.991165161133
"Tambacounda","Bakel","Moudery",2024,284.211090087891
"Tambacounda","Goudiry","Bala",2012,0.580266177654266
"Tambacounda","Goudiry","Bala",2013,0
"Tambacounda","Goudiry","Bala",2014,0.545514762401581
"Tambacounda","Goudiry","Bala",2015,1.120276927948
"Tambacounda","Goudiry","Bala",2016,1.14162731170654
"Tambacounda","Goudiry","Bala",2017,0.513064444065094
"Tambacounda","Goudiry","Bala",2018,0
"Tambacounda","Goudiry","Bala",2019,1.42427134513855
"Tambacounda","Goudiry","Bala",2020,9.93315601348877
"Tambacounda","Goudiry","Bala",2021,14.5376644134521
"Tambacounda","Goudiry","Bala",2022,12.7844877243042
"Tambacounda","Goudiry","Bala",2023,29.2688217163086
"Tambacounda","Goudiry","Bala",2024,144.11604309082
"Tambacounda","Goudiry","Boynguel Bamba",2012,5.65987634658813
"Tambacounda","Goudiry","Boynguel Bamba",2013,4.03447866439819
"Tambacounda","Goudiry","Boynguel Bamba",2014,5.18987846374512
"Tambacounda","Goudiry","Boynguel Bamba",2015,8.35830211639404
"Tambacounda","Goudiry","Boynguel Bamba",2016,6.33145713806152
"Tambacounda","Goudiry","Boynguel Bamba",2017,4.21656036376953
"Tambacounda","Goudiry","Boynguel Bamba",2018,6.14693832397461
"Tambacounda","Goudiry","Boynguel Bamba",2019,8.90958309173584
"Tambacounda","Goudiry","Boynguel Bamba",2020,9.16984272003174
"Tambacounda","Goudiry","Boynguel Bamba",2021,26.3618755340576
"Tambacounda","Goudiry","Boynguel Bamba",2022,61.1955413818359
"Tambacounda","Goudiry","Boynguel Bamba",2023,96.9686660766602
"Tambacounda","Goudiry","Boynguel Bamba",2024,119.200309753418
"Tambacounda","Goudiry","Dianke Makha",2012,0
"Tambacounda","Goudiry","Dianke Makha",2013,0
"Tambacounda","Goudiry","Dianke Makha",2014,0
"Tambacounda","Goudiry","Dianke Makha",2015,0
"Tambacounda","Goudiry","Dianke Makha",2016,0
"Tambacounda","Goudiry","Dianke Makha",2017,0
"Tambacounda","Goudiry","Dianke Makha",2018,0
"Tambacounda","Goudiry","Dianke Makha",2019,0
"Tambacounda","Goudiry","Dianke Makha",2020,0
"Tambacounda","Goudiry","Dianke Makha",2021,0
"Tambacounda","Goudiry","Dianke Makha",2022,0
"Tambacounda","Goudiry","Dianke Makha",2023,0
"Tambacounda","Goudiry","Dianke Makha",2024,2.26766896247864
"Tambacounda","Goudiry","Koulor",2012,0
"Tambacounda","Goudiry","Koulor",2013,0
"Tambacounda","Goudiry","Koulor",2014,0
"Tambacounda","Goudiry","Koulor",2015,0
"Tambacounda","Goudiry","Koulor",2016,0
"Tambacounda","Goudiry","Koulor",2017,0
"Tambacounda","Goudiry","Koulor",2018,0
"Tambacounda","Goudiry","Koulor",2019,0.259793847799301
"Tambacounda","Goudiry","Koulor",2020,1.34315013885498
"Tambacounda","Goudiry","Koulor",2021,1.59650456905365
"Tambacounda","Goudiry","Koulor",2022,0.502687275409698
"Tambacounda","Goudiry","Koulor",2023,1.40513241291046
"Tambacounda","Goudiry","Koulor",2024,16.8247756958008
"Tambacounda","Koupentoum","Bamba Ndiayene",2012,4.8134913444519
"Tambacounda","Koupentoum","Bamba Ndiayene",2013,3.58203625679016
"Tambacounda","Koupentoum","Bamba Ndiayene",2014,4.36700057983398
"Tambacounda","Koupentoum","Bamba Ndiayene",2015,2.94042015075684
"Tambacounda","Koupentoum","Bamba Ndiayene",2016,3.61484432220459
"Tambacounda","Koupentoum","Bamba Ndiayene",2017,3.74438190460205
"Tambacounda","Koupentoum","Bamba Ndiayene",2018,4.46708726882935
"Tambacounda","Koupentoum","Bamba Ndiayene",2019,26.9499607086182
"Tambacounda","Koupentoum","Bamba Ndiayene",2020,23.1859664916992
"Tambacounda","Koupentoum","Bamba Ndiayene",2021,33.2339630126953
"Tambacounda","Koupentoum","Bamba Ndiayene",2022,58.3625030517578
"Tambacounda","Koupentoum","Bamba Ndiayene",2023,87.0840682983398
"Tambacounda","Koupentoum","Bamba Ndiayene",2024,142.938842773438
"Tambacounda","Koupentoum","Kouthiaba Ouolof",2012,0
"Tambacounda","Koupentoum","Kouthiaba Ouolof",2013,0
"Tambacounda","Koupentoum","Kouthiaba Ouolof",2014,0
"Tambacounda","Koupentoum","Kouthiaba Ouolof",2015,0
"Tambacounda","Koupentoum","Kouthiaba Ouolof",2016,0
"Tambacounda","Koupentoum","Kouthiaba Ouolof",2017,0
"Tambacounda","Koupentoum","Kouthiaba Ouolof",2018,0
"Tambacounda","Koupentoum","Kouthiaba Ouolof",2019,0
"Tambacounda","Koupentoum","Kouthiaba Ouolof",2020,0
"Tambacounda","Koupentoum","Kouthiaba Ouolof",2021,1.084223985672
"Tambacounda","Koupentoum","Kouthiaba Ouolof",2022,4.77681112289429
"Tambacounda","Koupentoum","Kouthiaba Ouolof",2023,11.5835027694702
"Tambacounda","Koupentoum","Kouthiaba Ouolof",2024,72.160530090332
"Tambacounda","Tambacounda","Koussanar",2012,176.360107421875
"Tambacounda","Tambacounda","Koussanar",2013,169.84407043457
"Tambacounda","Tambacounda","Koussanar",2014,229.622100830078
"Tambacounda","Tambacounda","Koussanar",2015,266.720855712891
"Tambacounda","Tambacounda","Koussanar",2016,324.432189941406
"Tambacounda","Tambacounda","Koussanar",2017,263.939300537109
"Tambacounda","Tambacounda","Koussanar",2018,250.507888793945
"Tambacounda","Tambacounda","Koussanar",2019,306.541046142578
"Tambacounda","Tambacounda","Koussanar",2020,301.159729003906
"Tambacounda","Tambacounda","Koussanar",2021,530.137268066406
"Tambacounda","Tambacounda","Koussanar",2022,949.662658691406
"Tambacounda","Tambacounda","Koussanar",2023,1161.5234375
"Tambacounda","Tambacounda","Koussanar",2024,1434.57214355469
"Tambacounda","Tambacounda","Makacoulibantang",2012,6.07764530181885
"Tambacounda","Tambacounda","Makacoulibantang",2013,2.41736698150635
"Tambacounda","Tambacounda","Makacoulibantang",2014,2.85483264923096
"Tambacounda","Tambacounda","Makacoulibantang",2015,2.82561850547791
"Tambacounda","Tambacounda","Makacoulibantang",2016,3.55259156227112
"Tambacounda","Tambacounda","Makacoulibantang",2017,2.97423315048218
"Tambacounda","Tambacounda","Makacoulibantang",2018,2.86506032943726
"Tambacounda","Tambacounda","Makacoulibantang",2019,3.36006283760071
"Tambacounda","Tambacounda","Makacoulibantang",2020,3.28613615036011
"Tambacounda","Tambacounda","Makacoulibantang",2021,8.24147605895996
"Tambacounda","Tambacounda","Makacoulibantang",2022,14.8805274963379
"Tambacounda","Tambacounda","Makacoulibantang",2023,37.4339866638184
"Tambacounda","Tambacounda","Makacoulibantang",2024,81.7479858398438
"Tambacounda","Tambacounda","Missirah",2012,0.520150244235992
"Tambacounda","Tambacounda","Missirah",2013,0
"Tambacounda","Tambacounda","Missirah",2014,3.67922735214233
"Tambacounda","Tambacounda","Missirah",2015,4.17566585540771
"Tambacounda","Tambacounda","Missirah",2016,2.34755063056946
"Tambacounda","Tambacounda","Missirah",2017,6.2106876373291
"Tambacounda","Tambacounda","Missirah",2018,7.15046977996826
"Tambacounda","Tambacounda","Missirah",2019,5.23835802078247
"Tambacounda","Tambacounda","Missirah",2020,1.24610245227814
"Tambacounda","Tambacounda","Missirah",2021,5.519700050354
"Tambacounda","Tambacounda","Missirah",2022,19.190185546875
"Tambacounda","Tambacounda","Missirah",2023,58.4330406188965
"Tambacounda","Tambacounda","Missirah",2024,122.368385314941
"Thiès","Mbour","Fissel",2012,3.33955597877502
"Thiès","Mbour","Fissel",2013,4.34781360626221
"Thiès","Mbour","Fissel",2014,9.12080001831055
"Thiès","Mbour","Fissel",2015,8.73532867431641
"Thiès","Mbour","Fissel",2016,11.9500789642334
"Thiès","Mbour","Fissel",2017,8.3421049118042
"Thiès","Mbour","Fissel",2018,11.2214784622192
"Thiès","Mbour","Fissel",2019,21.8090000152588
"Thiès","Mbour","Fissel",2020,37.2540740966797
"Thiès","Mbour","Fissel",2021,55.6867713928223
"Thiès","Mbour","Fissel",2022,123.333084106445
"Thiès","Mbour","Fissel",2023,196.609375
"Thiès","Mbour","Fissel",2024,190.077407836914
"Thiès","Mbour","Sessene",2012,119.213722229004
"Thiès","Mbour","Sessene",2013,124.104026794434
"Thiès","Mbour","Sessene",2014,174.714172363281
"Thiès","Mbour","Sessene",2015,182.651641845703
"Thiès","Mbour","Sessene",2016,209.478622436523
"Thiès","Mbour","Sessene",2017,182.45361328125
"Thiès","Mbour","Sessene",2018,175.78662109375
"Thiès","Mbour","Sessene",2019,202.270370483398
"Thiès","Mbour","Sessene",2020,238.503997802734
"Thiès","Mbour","Sessene",2021,522.500122070312
"Thiès","Mbour","Sessene",2022,800.495971679688
"Thiès","Mbour","Sessene",2023,984.88427734375
"Thiès","Mbour","Sessene",2024,1038.03857421875
"Thiès","Mbour","Sindia",2012,1466.228515625
"Thiès","Mbour","Sindia",2013,1659.40185546875
"Thiès","Mbour","Sindia",2014,1918.78308105469
"Thiès","Mbour","Sindia",2015,2153.32836914062
"Thiès","Mbour","Sindia",2016,2148.68310546875
"Thiès","Mbour","Sindia",2017,2599.72045898438
"Thiès","Mbour","Sindia",2018,4160.66845703125
"Thiès","Mbour","Sindia",2019,4532.41455078125
"Thiès","Mbour","Sindia",2020,4248.15087890625
"Thiès","Mbour","Sindia",2021,5567.552734375
"Thiès","Mbour","Sindia",2022,7407.19189453125
"Thiès","Mbour","Sindia",2023,8140.67431640625
"Thiès","Mbour","Sindia",2024,8912.6865234375
"Thiès","Thiès","Keur Moussa",2012,344.339111328125
"Thiès","Thiès","Keur Moussa",2013,345.517272949219
"Thiès","Thiès","Keur Moussa",2014,486.415222167969
"Thiès","Thiès","Keur Moussa",2015,960.694702148438
"Thiès","Thiès","Keur Moussa",2016,769.581848144531
"Thiès","Thiès","Keur Moussa",2017,941.108154296875
"Thiès","Thiès","Keur Moussa",2018,1574.58715820312
"Thiès","Thiès","Keur Moussa",2019,1699.56481933594
"Thiès","Thiès","Keur Moussa",2020,1552.44470214844
"Thiès","Thiès","Keur Moussa",2021,2570.75415039062
"Thiès","Thiès","Keur Moussa",2022,3977.32568359375
"Thiès","Thiès","Keur Moussa",2023,4431.1201171875
"Thiès","Thiès","Keur Moussa",2024,4962.37060546875
"Thiès","Thiès","Notto",2012,260.482818603516
"Thiès","Thiès","Notto",2013,214.748123168945
"Thiès","Thiès","Notto",2014,267.585693359375
"Thiès","Thiès","Notto",2015,324.404174804688
"Thiès","Thiès","Notto",2016,304.708129882812
"Thiès","Thiès","Notto",2017,294.160064697266
"Thiès","Thiès","Notto",2018,338.529846191406
"Thiès","Thiès","Notto",2019,410.818176269531
"Thiès","Thiès","Notto",2020,446.743621826172
"Thiès","Thiès","Notto",2021,624.073608398438
"Thiès","Thiès","Notto",2022,1162.73046875
"Thiès","Thiès","Notto",2023,1552.318359375
"Thiès","Thiès","Notto",2024,1707.58276367188
"Thiès","Thiès","Thienaba",2012,212.50798034668
"Thiès","Thiès","Thienaba",2013,260.161560058594
"Thiès","Thiès","Thienaba",2014,307.883514404297
"Thiès","Thiès","Thienaba",2015,346.062164306641
"Thiès","Thiès","Thienaba",2016,323.855926513672
"Thiès","Thiès","Thienaba",2017,370.225860595703
"Thiès","Thiès","Thienaba",2018,400.754913330078
"Thiès","Thiès","Thienaba",2019,491.901336669922
"Thiès","Thiès","Thienaba",2020,462.353729248047
"Thiès","Thiès","Thienaba",2021,916.917114257812
"Thiès","Thiès","Thienaba",2022,1672.05908203125
"Thiès","Thiès","Thienaba",2023,2186.09301757812
"Thiès","Thiès","Thienaba",2024,2428.11596679688
"Thiès","Thiès","Thies Nord",2012,438.221923828125
"Thiès","Thiès","Thies Nord",2013,473.507843017578
"Thiès","Thiès","Thies Nord",2014,496.912017822266
"Thiès","Thiès","Thies Nord",2015,548.630676269531
"Thiès","Thiès","Thies Nord",2016,557.823547363281
"Thiès","Thiès","Thies Nord",2017,676.97998046875
"Thiès","Thiès","Thies Nord",2018,683.1513671875
"Thiès","Thiès","Thies Nord",2019,798.757507324219
"Thiès","Thiès","Thies Nord",2020,944.237182617188
"Thiès","Thiès","Thies Nord",2021,1037.47778320312
"Thiès","Thiès","Thies Nord",2022,1352.59326171875
"Thiès","Thiès","Thies Nord",2023,1690.03747558594
"Thiès","Thiès","Thies Nord",2024,2098.53369140625
"Thiès","Thiès","Thies Sud",2012,882.211486816406
"Thiès","Thiès","Thies Sud",2013,1040.54040527344
"Thiès","Thiès","Thies Sud",2014,1092.03002929688
"Thiès","Thiès","Thies Sud",2015,1131.48901367188
"Thiès","Thiès","Thies Sud",2016,1219.92932128906
"Thiès","Thiès","Thies Sud",2017,1322.78015136719
"Thiès","Thiès","Thies Sud",2018,1358.02233886719
"Thiès","Thiès","Thies Sud",2019,1530.53637695312
"Thiès","Thiès","Thies Sud",2020,1599.60327148438
"Thiès","Thiès","Thies Sud",2021,1789.95654296875
"Thiès","Thiès","Thies Sud",2022,2219.13232421875
"Thiès","Thiès","Thies Sud",2023,2752.32299804688
"Thiès","Thiès","Thies Sud",2024,3557.54272460938
"Thiès","Tivaouane","Meouane",2012,319.489807128906
"Thiès","Tivaouane","Meouane",2013,338.941101074219
"Thiès","Tivaouane","Meouane",2014,346.084564208984
"Thiès","Tivaouane","Meouane",2015,346.417633056641
"Thiès","Tivaouane","Meouane",2016,456.099884033203
"Thiès","Tivaouane","Meouane",2017,477.562957763672
"Thiès","Tivaouane","Meouane",2018,438.443145751953
"Thiès","Tivaouane","Meouane",2019,539.205932617188
"Thiès","Tivaouane","Meouane",2020,539.430114746094
"Thiès","Tivaouane","Meouane",2021,749.861022949219
"Thiès","Tivaouane","Meouane",2022,1135.09362792969
"Thiès","Tivaouane","Meouane",2023,1356.46630859375
"Thiès","Tivaouane","Meouane",2024,1349.21655273438
"Thiès","Tivaouane","Mequane",2012,544.458923339844
"Thiès","Tivaouane","Mequane",2013,607.961669921875
"Thiès","Tivaouane","Mequane",2014,1725.91955566406
"Thiès","Tivaouane","Mequane",2015,1169.46057128906
"Thiès","Tivaouane","Mequane",2016,1069.49572753906
"Thiès","Tivaouane","Mequane",2017,968.593688964844
"Thiès","Tivaouane","Mequane",2018,988.710388183594
"Thiès","Tivaouane","Mequane",2019,1164.3857421875
"Thiès","Tivaouane","Mequane",2020,1207.09680175781
"Thiès","Tivaouane","Mequane",2021,1363.35729980469
"Thiès","Tivaouane","Mequane",2022,1905.2822265625
"Thiès","Tivaouane","Mequane",2023,2083.72827148438
"Thiès","Tivaouane","Mequane",2024,2291.24291992188
"Thiès","Tivaouane","Merina Dakhar",2012,21.5530185699463
"Thiès","Tivaouane","Merina Dakhar",2013,27.9210605621338
"Thiès","Tivaouane","Merina Dakhar",2014,31.6194686889648
"Thiès","Tivaouane","Merina Dakhar",2015,50.9051742553711
"Thiès","Tivaouane","Merina Dakhar",2016,49.019172668457
"Thiès","Tivaouane","Merina Dakhar",2017,46.3102798461914
"Thiès","Tivaouane","Merina Dakhar",2018,34.3490676879883
"Thiès","Tivaouane","Merina Dakhar",2019,46.6299591064453
"Thiès","Tivaouane","Merina Dakhar",2020,63.0971374511719
"Thiès","Tivaouane","Merina Dakhar",2021,202.821624755859
"Thiès","Tivaouane","Merina Dakhar",2022,514.067443847656
"Thiès","Tivaouane","Merina Dakhar",2023,787.244567871094
"Thiès","Tivaouane","Merina Dakhar",2024,853.080078125
"Thiès","Tivaouane","Niakhene",2012,10.3006000518799
"Thiès","Tivaouane","Niakhene",2013,13.0151309967041
"Thiès","Tivaouane","Niakhene",2014,13.9469680786133
"Thiès","Tivaouane","Niakhene",2015,14.401442527771
"Thiès","Tivaouane","Niakhene",2016,12.772518157959
"Thiès","Tivaouane","Niakhene",2017,10.8614435195923
"Thiès","Tivaouane","Niakhene",2018,12.5516271591187
"Thiès","Tivaouane","Niakhene",2019,23.1469268798828
"Thiès","Tivaouane","Niakhene",2020,30.7159118652344
"Thiès","Tivaouane","Niakhene",2021,47.1881141662598
"Thiès","Tivaouane","Niakhene",2022,105.733375549316
"Thiès","Tivaouane","Niakhene",2023,329.642120361328
"Thiès","Tivaouane","Niakhene",2024,411.830505371094
"Thiès","Tivaouane","Pambal",2012,723.530700683594
"Thiès","Tivaouane","Pambal",2013,634.817138671875
"Thiès","Tivaouane","Pambal",2014,697.109985351562
"Thiès","Tivaouane","Pambal",2015,743.758239746094
"Thiès","Tivaouane","Pambal",2016,728.267395019531
"Thiès","Tivaouane","Pambal",2017,842.589233398438
"Thiès","Tivaouane","Pambal",2018,819.184143066406
"Thiès","Tivaouane","Pambal",2019,926.932495117188
"Thiès","Tivaouane","Pambal",2020,1043.06188964844
"Thiès","Tivaouane","Pambal",2021,1428.37426757812
"Thiès","Tivaouane","Pambal",2022,2566.75244140625
"Thiès","Tivaouane","Pambal",2023,3378.2158203125
"Thiès","Tivaouane","Pambal",2024,3798.775390625
"Ziguinchor","Bignona","Kataba I",2012,19.5688152313232
"Ziguinchor","Bignona","Kataba I",2013,8.1017541885376
"Ziguinchor","Bignona","Kataba I",2014,7.49436044692993
"Ziguinchor","Bignona","Kataba I",2015,10.9355697631836
"Ziguinchor","Bignona","Kataba I",2016,5.09333467483521
"Ziguinchor","Bignona","Kataba I",2017,5.78910112380981
"Ziguinchor","Bignona","Kataba I",2018,10.2025022506714
"Ziguinchor","Bignona","Kataba I",2019,7.13765144348145
"Ziguinchor","Bignona","Kataba I",2020,15.3013858795166
"Ziguinchor","Bignona","Kataba I",2021,29.2432441711426
"Ziguinchor","Bignona","Kataba I",2022,44.7976036071777
"Ziguinchor","Bignona","Kataba I",2023,86.9435806274414
"Ziguinchor","Bignona","Kataba I",2024,136.543502807617
"Ziguinchor","Bignona","Sindian",2012,4.71583843231201
"Ziguinchor","Bignona","Sindian",2013,2.20878767967224
"Ziguinchor","Bignona","Sindian",2014,1.82325077056885
"Ziguinchor","Bignona","Sindian",2015,1.12347233295441
"Ziguinchor","Bignona","Sindian",2016,0.725733995437622
"Ziguinchor","Bignona","Sindian",2017,0
"Ziguinchor","Bignona","Sindian",2018,1.90471124649048
"Ziguinchor","Bignona","Sindian",2019,1.54094457626343
"Ziguinchor","Bignona","Sindian",2020,0
"Ziguinchor","Bignona","Sindian",2021,0.0789366811513901
"Ziguinchor","Bignona","Sindian",2022,2.86897277832031
"Ziguinchor","Bignona","Sindian",2023,8.35376071929932
"Ziguinchor","Bignona","Sindian",2024,28.4345302581787
"Ziguinchor","Bignona","Tendouck",2012,5.88747024536133
"Ziguinchor","Bignona","Tendouck",2013,3.67858934402466
"Ziguinchor","Bignona","Tendouck",2014,0.552636086940765
"Ziguinchor","Bignona","Tendouck",2015,0
"Ziguinchor","Bignona","Tendouck",2016,0
"Ziguinchor","Bignona","Tendouck",2017,0
"Ziguinchor","Bignona","Tendouck",2018,0
"Ziguinchor","Bignona","Tendouck",2019,0
"Ziguinchor","Bignona","Tendouck",2020,2.25019764900208
"Ziguinchor","Bignona","Tendouck",2021,0
"Ziguinchor","Bignona","Tendouck",2022,13.7996444702148
"Ziguinchor","Bignona","Tendouck",2023,119.94361114502
"Ziguinchor","Bignona","Tendouck",2024,138.870101928711
"Ziguinchor","Bignona","Tenghory",2012,68.442512512207
"Ziguinchor","Bignona","Tenghory",2013,51.853343963623
"Ziguinchor","Bignona","Tenghory",2014,65.3110656738281
"Ziguinchor","Bignona","Tenghory",2015,64.337028503418
"Ziguinchor","Bignona","Tenghory",2016,63.9023361206055
"Ziguinchor","Bignona","Tenghory",2017,87.0998153686523
"Ziguinchor","Bignona","Tenghory",2018,91.6107635498047
"Ziguinchor","Bignona","Tenghory",2019,124.034446716309
"Ziguinchor","Bignona","Tenghory",2020,161.740005493164
"Ziguinchor","Bignona","Tenghory",2021,139.653671264648
"Ziguinchor","Bignona","Tenghory",2022,174.342636108398
"Ziguinchor","Bignona","Tenghory",2023,199.074844360352
"Ziguinchor","Bignona","Tenghory",2024,204.262954711914
"Ziguinchor","Oussouye","Cabrousse",2012,36.6947021484375
"Ziguinchor","Oussouye","Cabrousse",2013,26.2178230285645
"Ziguinchor","Oussouye","Cabrousse",2014,17.374641418457
"Ziguinchor","Oussouye","Cabrousse",2015,14.8634548187256
"Ziguinchor","Oussouye","Cabrousse",2016,15.1395463943481
"Ziguinchor","Oussouye","Cabrousse",2017,16.1074161529541
"Ziguinchor","Oussouye","Cabrousse",2018,21.7885341644287
"Ziguinchor","Oussouye","Cabrousse",2019,28.6894683837891
"Ziguinchor","Oussouye","Cabrousse",2020,38.6988105773926
"Ziguinchor","Oussouye","Cabrousse",2021,53.7958564758301
"Ziguinchor","Oussouye","Cabrousse",2022,86.6927337646484
"Ziguinchor","Oussouye","Cabrousse",2023,87.5636444091797
"Ziguinchor","Oussouye","Cabrousse",2024,77.1211700439453
"Ziguinchor","Oussouye","Loudia Ouolof",2012,6.75838041305542
"Ziguinchor","Oussouye","Loudia Ouolof",2013,5.33560752868652
"Ziguinchor","Oussouye","Loudia Ouolof",2014,3.68340682983398
"Ziguinchor","Oussouye","Loudia Ouolof",2015,8.40922164916992
"Ziguinchor","Oussouye","Loudia Ouolof",2016,3.55255722999573
"Ziguinchor","Oussouye","Loudia Ouolof",2017,3.32905650138855
"Ziguinchor","Oussouye","Loudia Ouolof",2018,3.02656435966492
"Ziguinchor","Oussouye","Loudia Ouolof",2019,1.11677134037018
"Ziguinchor","Oussouye","Loudia Ouolof",2020,7.399245262146
"Ziguinchor","Oussouye","Loudia Ouolof",2021,27.1910572052002
"Ziguinchor","Oussouye","Loudia Ouolof",2022,26.9753227233887
"Ziguinchor","Oussouye","Loudia Ouolof",2023,28.6372489929199
"Ziguinchor","Oussouye","Loudia Ouolof",2024,24.142204284668
"Ziguinchor","Ziguinchor","Niaguis",2012,315.675201416016
"Ziguinchor","Ziguinchor","Niaguis",2013,329.411773681641
"Ziguinchor","Ziguinchor","Niaguis",2014,550.020263671875
"Ziguinchor","Ziguinchor","Niaguis",2015,466.165924072266
"Ziguinchor","Ziguinchor","Niaguis",2016,376.377288818359
"Ziguinchor","Ziguinchor","Niaguis",2017,457.044586181641
"Ziguinchor","Ziguinchor","Niaguis",2018,408.1611328125
"Ziguinchor","Ziguinchor","Niaguis",2019,463.522399902344
"Ziguinchor","Ziguinchor","Niaguis",2020,627.812194824219
"Ziguinchor","Ziguinchor","Niaguis",2021,575.322814941406
"Ziguinchor","Ziguinchor","Niaguis",2022,1045.66015625
"Ziguinchor","Ziguinchor","Niaguis",2023,935.22802734375
"Ziguinchor","Ziguinchor","Niaguis",2024,960.414916992188
"Ziguinchor","Ziguinchor","Nyassia",2012,0.667061805725098
"Ziguinchor","Ziguinchor","Nyassia",2013,0
"Ziguinchor","Ziguinchor","Nyassia",2014,0
"Ziguinchor","Ziguinchor","Nyassia",2015,0
"Ziguinchor","Ziguinchor","Nyassia",2016,0
"Ziguinchor","Ziguinchor","Nyassia",2017,0
"Ziguinchor","Ziguinchor","Nyassia",2018,0
"Ziguinchor","Ziguinchor","Nyassia",2019,0
"Ziguinchor","Ziguinchor","Nyassia",2020,0
"Ziguinchor","Ziguinchor","Nyassia",2021,0
"Ziguinchor","Ziguinchor","Nyassia",2022,5.71672964096069
"Ziguinchor","Ziguinchor","Nyassia",2023,3.86861324310303
"Ziguinchor","Ziguinchor","Nyassia",2024,22.4688816070557
