"NAME_1","NAME_2","date","ntl_mean"
"Chaouia - Ouardigha","Ben Slimane",2012,8019.76220703125
"Chaouia - Ouardigha","Ben Slimane",2013,8058.41796875
"Chaouia - Ouardigha","Ben Slimane",2014,9865.7568359375
"Chaouia - Ouardigha","Ben Slimane",2015,12303.365234375
"Chaouia - Ouardigha","Ben Slimane",2016,12805.0654296875
"Chaouia - Ouardigha","Ben Slimane",2017,13664.0927734375
"Chaouia - Ouardigha","Ben Slimane",2018,14365.376953125
"Chaouia - Ouardigha","Ben Slimane",2019,16299.533203125
"Chaouia - Ouardigha","Ben Slimane",2020,17251.55078125
"Chaouia - Ouardigha","Ben Slimane",2021,18699.392578125
"Chaouia - Ouardigha","Ben Slimane",2022,21118.51953125
"Chaouia - Ouardigha","Ben Slimane",2023,22415.189453125
"Chaouia - Ouardigha","Ben Slimane",2024,22205.224609375
"Chaouia - Ouardigha","Khouribga",2012,16456.568359375
"Chaouia - Ouardigha","Khouribga",2013,16388.0703125
"Chaouia - Ouardigha","Khouribga",2014,17306.77734375
"Chaouia - Ouardigha","Khouribga",2015,19483.3203125
"Chaouia - Ouardigha","Khouribga",2016,20432.951171875
"Chaouia - Ouardigha","Khouribga",2017,21939.78515625
"Chaouia - Ouardigha","Khouribga",2018,20326.453125
"Chaouia - Ouardigha","Khouribga",2019,23247.88671875
"Chaouia - Ouardigha","Khouribga",2020,24111.623046875
"Chaouia - Ouardigha","Khouribga",2021,24276.86328125
"Chaouia - Ouardigha","Khouribga",2022,25251.732421875
"Chaouia - Ouardigha","Khouribga",2023,26132.111328125
"Chaouia - Ouardigha","Khouribga",2024,26079.52734375
"Chaouia - Ouardigha","Settat",2012,23238.447265625
"Chaouia - Ouardigha","Settat",2013,24660.71484375
"Chaouia - Ouardigha","Settat",2014,27074.859375
"Chaouia - Ouardigha","Settat",2015,29791.025390625
"Chaouia - Ouardigha","Settat",2016,31157.560546875
"Chaouia - Ouardigha","Settat",2017,35183.38671875
"Chaouia - Ouardigha","Settat",2018,35825.8046875
"Chaouia - Ouardigha","Settat",2019,41138.71875
"Chaouia - Ouardigha","Settat",2020,40256.12109375
"Chaouia - Ouardigha","Settat",2021,43967.03125
"Chaouia - Ouardigha","Settat",2022,49903.140625
"Chaouia - Ouardigha","Settat",2023,54076.3828125
"Chaouia - Ouardigha","Settat",2024,52366.69140625
"Doukkala - Abda","El Jadida",2012,18342.810546875
"Doukkala - Abda","El Jadida",2013,18043.498046875
"Doukkala - Abda","El Jadida",2014,20524.17578125
"Doukkala - Abda","El Jadida",2015,22352.296875
"Doukkala - Abda","El Jadida",2016,22762.66796875
"Doukkala - Abda","El Jadida",2017,26142.083984375
"Doukkala - Abda","El Jadida",2018,28735.4296875
"Doukkala - Abda","El Jadida",2019,31670.787109375
"Doukkala - Abda","El Jadida",2020,33198.3828125
"Doukkala - Abda","El Jadida",2021,33825.12890625
"Doukkala - Abda","El Jadida",2022,40235.72265625
"Doukkala - Abda","El Jadida",2023,45344.37109375
"Doukkala - Abda","El Jadida",2024,42850.56640625
"Doukkala - Abda","Safi",2012,16297.076171875
"Doukkala - Abda","Safi",2013,17622.748046875
"Doukkala - Abda","Safi",2014,17382.5546875
"Doukkala - Abda","Safi",2015,18646.169921875
"Doukkala - Abda","Safi",2016,19582.25
"Doukkala - Abda","Safi",2017,20429.125
"Doukkala - Abda","Safi",2018,20968.1171875
"Doukkala - Abda","Safi",2019,21826.818359375
"Doukkala - Abda","Safi",2020,21565.015625
"Doukkala - Abda","Safi",2021,22690.283203125
"Doukkala - Abda","Safi",2022,25402.583984375
"Doukkala - Abda","Safi",2023,26131.431640625
"Doukkala - Abda","Safi",2024,24565.2109375
"Fès - Boulemane","Boulemane",2012,3277.15600585938
"Fès - Boulemane","Boulemane",2013,3556.8935546875
"Fès - Boulemane","Boulemane",2014,3738.42651367188
"Fès - Boulemane","Boulemane",2015,4036.45068359375
"Fès - Boulemane","Boulemane",2016,4460.63671875
"Fès - Boulemane","Boulemane",2017,4767.34033203125
"Fès - Boulemane","Boulemane",2018,4730.5322265625
"Fès - Boulemane","Boulemane",2019,5290.869140625
"Fès - Boulemane","Boulemane",2020,5110.81201171875
"Fès - Boulemane","Boulemane",2021,5611.6572265625
"Fès - Boulemane","Boulemane",2022,5960.9228515625
"Fès - Boulemane","Boulemane",2023,6333.673828125
"Fès - Boulemane","Boulemane",2024,5742.4638671875
"Fès - Boulemane","Fès",2012,12598.6259765625
"Fès - Boulemane","Fès",2013,13069.185546875
"Fès - Boulemane","Fès",2014,13378.736328125
"Fès - Boulemane","Fès",2015,13497.1611328125
"Fès - Boulemane","Fès",2016,14337.0751953125
"Fès - Boulemane","Fès",2017,15916.3154296875
"Fès - Boulemane","Fès",2018,15104.5390625
"Fès - Boulemane","Fès",2019,16051.2333984375
"Fès - Boulemane","Fès",2020,16474.86328125
"Fès - Boulemane","Fès",2021,17633.52734375
"Fès - Boulemane","Fès",2022,18396.423828125
"Fès - Boulemane","Fès",2023,19195.119140625
"Fès - Boulemane","Fès",2024,19937.990234375
"Fès - Boulemane","Sefrou",2012,5339.21728515625
"Fès - Boulemane","Sefrou",2013,5851.61181640625
"Fès - Boulemane","Sefrou",2014,6392.07421875
"Fès - Boulemane","Sefrou",2015,7397.76318359375
"Fès - Boulemane","Sefrou",2016,8157.81884765625
"Fès - Boulemane","Sefrou",2017,8427.5546875
"Fès - Boulemane","Sefrou",2018,8045.68408203125
"Fès - Boulemane","Sefrou",2019,8043.220703125
"Fès - Boulemane","Sefrou",2020,7898.56005859375
"Fès - Boulemane","Sefrou",2021,8804.3076171875
"Fès - Boulemane","Sefrou",2022,9584.0908203125
"Fès - Boulemane","Sefrou",2023,10380.7919921875
"Fès - Boulemane","Sefrou",2024,9690.689453125
"Fès - Boulemane","Zouagha-Moulay Yacoub",2012,13633.51171875
"Fès - Boulemane","Zouagha-Moulay Yacoub",2013,14344.8876953125
"Fès - Boulemane","Zouagha-Moulay Yacoub",2014,18103.115234375
"Fès - Boulemane","Zouagha-Moulay Yacoub",2015,18933.591796875
"Fès - Boulemane","Zouagha-Moulay Yacoub",2016,22788.89453125
"Fès - Boulemane","Zouagha-Moulay Yacoub",2017,25539.259765625
"Fès - Boulemane","Zouagha-Moulay Yacoub",2018,24597.482421875
"Fès - Boulemane","Zouagha-Moulay Yacoub",2019,27816.546875
"Fès - Boulemane","Zouagha-Moulay Yacoub",2020,28188.87890625
"Fès - Boulemane","Zouagha-Moulay Yacoub",2021,28946.822265625
"Fès - Boulemane","Zouagha-Moulay Yacoub",2022,28863.646484375
"Fès - Boulemane","Zouagha-Moulay Yacoub",2023,28658.6640625
"Fès - Boulemane","Zouagha-Moulay Yacoub",2024,28661.849609375
"Gharb - Chrarda - Béni Hssen","Kénitra",2012,23172.4140625
"Gharb - Chrarda - Béni Hssen","Kénitra",2013,24836.837890625
"Gharb - Chrarda - Béni Hssen","Kénitra",2014,28140.298828125
"Gharb - Chrarda - Béni Hssen","Kénitra",2015,29695.544921875
"Gharb - Chrarda - Béni Hssen","Kénitra",2016,29738.44921875
"Gharb - Chrarda - Béni Hssen","Kénitra",2017,30994.99609375
"Gharb - Chrarda - Béni Hssen","Kénitra",2018,31713.8515625
"Gharb - Chrarda - Béni Hssen","Kénitra",2019,33050.78515625
"Gharb - Chrarda - Béni Hssen","Kénitra",2020,33902.3125
"Gharb - Chrarda - Béni Hssen","Kénitra",2021,34323.41796875
"Gharb - Chrarda - Béni Hssen","Kénitra",2022,36756.60546875
"Gharb - Chrarda - Béni Hssen","Kénitra",2023,39598.4375
"Gharb - Chrarda - Béni Hssen","Kénitra",2024,38726.82421875
"Gharb - Chrarda - Béni Hssen","Sidi Kacem",2012,7026.67431640625
"Gharb - Chrarda - Béni Hssen","Sidi Kacem",2013,6686.150390625
"Gharb - Chrarda - Béni Hssen","Sidi Kacem",2014,7194.33544921875
"Gharb - Chrarda - Béni Hssen","Sidi Kacem",2015,7394.98291015625
"Gharb - Chrarda - Béni Hssen","Sidi Kacem",2016,8121.640625
"Gharb - Chrarda - Béni Hssen","Sidi Kacem",2017,8454.6044921875
"Gharb - Chrarda - Béni Hssen","Sidi Kacem",2018,8676.6669921875
"Gharb - Chrarda - Béni Hssen","Sidi Kacem",2019,9333.9541015625
"Gharb - Chrarda - Béni Hssen","Sidi Kacem",2020,9057.70703125
"Gharb - Chrarda - Béni Hssen","Sidi Kacem",2021,10045.916015625
"Gharb - Chrarda - Béni Hssen","Sidi Kacem",2022,11211.046875
"Gharb - Chrarda - Béni Hssen","Sidi Kacem",2023,11691.5908203125
"Gharb - Chrarda - Béni Hssen","Sidi Kacem",2024,10639.3115234375
"Grand Casablanca","Casablanca",2012,80637.0703125
"Grand Casablanca","Casablanca",2013,85792.59375
"Grand Casablanca","Casablanca",2014,93785.65625
"Grand Casablanca","Casablanca",2015,104442.875
"Grand Casablanca","Casablanca",2016,107183.984375
"Grand Casablanca","Casablanca",2017,109198.28125
"Grand Casablanca","Casablanca",2018,112147.71875
"Grand Casablanca","Casablanca",2019,115373.9375
"Grand Casablanca","Casablanca",2020,118196.453125
"Grand Casablanca","Casablanca",2021,123185.109375
"Grand Casablanca","Casablanca",2022,129246.4296875
"Grand Casablanca","Casablanca",2023,136009.265625
"Grand Casablanca","Casablanca",2024,142157.796875
"Grand Casablanca","Mohammedia",2012,7178.8955078125
"Grand Casablanca","Mohammedia",2013,7524.63427734375
"Grand Casablanca","Mohammedia",2014,8515.5908203125
"Grand Casablanca","Mohammedia",2015,8997.7001953125
"Grand Casablanca","Mohammedia",2016,8709.94140625
"Grand Casablanca","Mohammedia",2017,8136.69970703125
"Grand Casablanca","Mohammedia",2018,8476.4423828125
"Grand Casablanca","Mohammedia",2019,10176.001953125
"Grand Casablanca","Mohammedia",2020,10499.3916015625
"Grand Casablanca","Mohammedia",2021,10224.25390625
"Grand Casablanca","Mohammedia",2022,10389.2734375
"Grand Casablanca","Mohammedia",2023,10358.275390625
"Grand Casablanca","Mohammedia",2024,10267.462890625
"Guelmim - Es-Semara","Assa-Zag",2012,938.633056640625
"Guelmim - Es-Semara","Assa-Zag",2013,1053.26635742188
"Guelmim - Es-Semara","Assa-Zag",2014,977.088500976562
"Guelmim - Es-Semara","Assa-Zag",2015,1021.33489990234
"Guelmim - Es-Semara","Assa-Zag",2016,1172.54028320312
"Guelmim - Es-Semara","Assa-Zag",2017,1410.4326171875
"Guelmim - Es-Semara","Assa-Zag",2018,1422.97253417969
"Guelmim - Es-Semara","Assa-Zag",2019,1832.14794921875
"Guelmim - Es-Semara","Assa-Zag",2020,1732.20336914062
"Guelmim - Es-Semara","Assa-Zag",2021,1926.32312011719
"Guelmim - Es-Semara","Assa-Zag",2022,2135.21826171875
"Guelmim - Es-Semara","Assa-Zag",2023,1946.38586425781
"Guelmim - Es-Semara","Assa-Zag",2024,2134.05053710938
"Guelmim - Es-Semara","Guelmim",2012,4477.92333984375
"Guelmim - Es-Semara","Guelmim",2013,4631.28466796875
"Guelmim - Es-Semara","Guelmim",2014,5119.744140625
"Guelmim - Es-Semara","Guelmim",2015,5182.8515625
"Guelmim - Es-Semara","Guelmim",2016,5609.51123046875
"Guelmim - Es-Semara","Guelmim",2017,5798.30908203125
"Guelmim - Es-Semara","Guelmim",2018,5258.8037109375
"Guelmim - Es-Semara","Guelmim",2019,5679.9052734375
"Guelmim - Es-Semara","Guelmim",2020,5849.681640625
"Guelmim - Es-Semara","Guelmim",2021,6738.43603515625
"Guelmim - Es-Semara","Guelmim",2022,7114.52294921875
"Guelmim - Es-Semara","Guelmim",2023,7166.4248046875
"Guelmim - Es-Semara","Guelmim",2024,7139.11669921875
"Guelmim - Es-Semara","Tan-Tan",2012,2801.89428710938
"Guelmim - Es-Semara","Tan-Tan",2013,2698.91845703125
"Guelmim - Es-Semara","Tan-Tan",2014,2543.2939453125
"Guelmim - Es-Semara","Tan-Tan",2015,2981.23510742188
"Guelmim - Es-Semara","Tan-Tan",2016,3021.8564453125
"Guelmim - Es-Semara","Tan-Tan",2017,3130.72314453125
"Guelmim - Es-Semara","Tan-Tan",2018,3192.37158203125
"Guelmim - Es-Semara","Tan-Tan",2019,3366.673828125
"Guelmim - Es-Semara","Tan-Tan",2020,3543.56176757812
"Guelmim - Es-Semara","Tan-Tan",2021,3771.01977539062
"Guelmim - Es-Semara","Tan-Tan",2022,3630.14184570312
"Guelmim - Es-Semara","Tan-Tan",2023,3509.06518554688
"Guelmim - Es-Semara","Tan-Tan",2024,3099.34057617188
"Guelmim - Es-Semara","Tata",2012,985.547119140625
"Guelmim - Es-Semara","Tata",2013,1059.63171386719
"Guelmim - Es-Semara","Tata",2014,1304.24914550781
"Guelmim - Es-Semara","Tata",2015,1556.83251953125
"Guelmim - Es-Semara","Tata",2016,1492.66821289062
"Guelmim - Es-Semara","Tata",2017,1736.7900390625
"Guelmim - Es-Semara","Tata",2018,1708.20703125
"Guelmim - Es-Semara","Tata",2019,1690.32751464844
"Guelmim - Es-Semara","Tata",2020,1805.77355957031
"Guelmim - Es-Semara","Tata",2021,2127.7607421875
"Guelmim - Es-Semara","Tata",2022,2242.3486328125
"Guelmim - Es-Semara","Tata",2023,2001.12817382812
"Guelmim - Es-Semara","Tata",2024,2007.54370117188
"Laâyoune - Boujdour - Sakia El H","Laâyoune",2012,468.796081542969
"Laâyoune - Boujdour - Sakia El H","Laâyoune",2013,596.261352539062
"Laâyoune - Boujdour - Sakia El H","Laâyoune",2014,683.045959472656
"Laâyoune - Boujdour - Sakia El H","Laâyoune",2015,668.620971679688
"Laâyoune - Boujdour - Sakia El H","Laâyoune",2016,630.195556640625
"Laâyoune - Boujdour - Sakia El H","Laâyoune",2017,740.470642089844
"Laâyoune - Boujdour - Sakia El H","Laâyoune",2018,633.390319824219
"Laâyoune - Boujdour - Sakia El H","Laâyoune",2019,651.75830078125
"Laâyoune - Boujdour - Sakia El H","Laâyoune",2020,631.722351074219
"Laâyoune - Boujdour - Sakia El H","Laâyoune",2021,736.73779296875
"Laâyoune - Boujdour - Sakia El H","Laâyoune",2022,915.185607910156
"Laâyoune - Boujdour - Sakia El H","Laâyoune",2023,1042.43041992188
"Laâyoune - Boujdour - Sakia El H","Laâyoune",2024,902.789001464844
"Marrakech - Tensift - Al Haouz","Al Haouz",2012,2643.912109375
"Marrakech - Tensift - Al Haouz","Al Haouz",2013,2856.23876953125
"Marrakech - Tensift - Al Haouz","Al Haouz",2014,4061.30981445312
"Marrakech - Tensift - Al Haouz","Al Haouz",2015,4713.81591796875
"Marrakech - Tensift - Al Haouz","Al Haouz",2016,5122.2333984375
"Marrakech - Tensift - Al Haouz","Al Haouz",2017,5060.75732421875
"Marrakech - Tensift - Al Haouz","Al Haouz",2018,4609.400390625
"Marrakech - Tensift - Al Haouz","Al Haouz",2019,4920.408203125
"Marrakech - Tensift - Al Haouz","Al Haouz",2020,4377.58349609375
"Marrakech - Tensift - Al Haouz","Al Haouz",2021,4752.578125
"Marrakech - Tensift - Al Haouz","Al Haouz",2022,5600.7431640625
"Marrakech - Tensift - Al Haouz","Al Haouz",2023,5978.19677734375
"Marrakech - Tensift - Al Haouz","Al Haouz",2024,5760.54443359375
"Marrakech - Tensift - Al Haouz","Chichaoua",2012,3827.48950195312
"Marrakech - Tensift - Al Haouz","Chichaoua",2013,3787.23754882812
"Marrakech - Tensift - Al Haouz","Chichaoua",2014,3988.20874023438
"Marrakech - Tensift - Al Haouz","Chichaoua",2015,3870.55712890625
"Marrakech - Tensift - Al Haouz","Chichaoua",2016,4591.77734375
"Marrakech - Tensift - Al Haouz","Chichaoua",2017,4493.56591796875
"Marrakech - Tensift - Al Haouz","Chichaoua",2018,4241.69970703125
"Marrakech - Tensift - Al Haouz","Chichaoua",2019,4684.6591796875
"Marrakech - Tensift - Al Haouz","Chichaoua",2020,4508.4140625
"Marrakech - Tensift - Al Haouz","Chichaoua",2021,4820.97607421875
"Marrakech - Tensift - Al Haouz","Chichaoua",2022,5736.384765625
"Marrakech - Tensift - Al Haouz","Chichaoua",2023,6399.1123046875
"Marrakech - Tensift - Al Haouz","Chichaoua",2024,5799.447265625
"Marrakech - Tensift - Al Haouz","El Kelaâ des Sraghna",2012,12398.20703125
"Marrakech - Tensift - Al Haouz","El Kelaâ des Sraghna",2013,14002.0185546875
"Marrakech - Tensift - Al Haouz","El Kelaâ des Sraghna",2014,15755.654296875
"Marrakech - Tensift - Al Haouz","El Kelaâ des Sraghna",2015,16461.015625
"Marrakech - Tensift - Al Haouz","El Kelaâ des Sraghna",2016,17218.958984375
"Marrakech - Tensift - Al Haouz","El Kelaâ des Sraghna",2017,18580.498046875
"Marrakech - Tensift - Al Haouz","El Kelaâ des Sraghna",2018,17198.5625
"Marrakech - Tensift - Al Haouz","El Kelaâ des Sraghna",2019,19282.49609375
"Marrakech - Tensift - Al Haouz","El Kelaâ des Sraghna",2020,18370.388671875
"Marrakech - Tensift - Al Haouz","El Kelaâ des Sraghna",2021,18757.28515625
"Marrakech - Tensift - Al Haouz","El Kelaâ des Sraghna",2022,22770.62890625
"Marrakech - Tensift - Al Haouz","El Kelaâ des Sraghna",2023,26039.376953125
"Marrakech - Tensift - Al Haouz","El Kelaâ des Sraghna",2024,25811.44921875
"Marrakech - Tensift - Al Haouz","Essaouira",2012,4082.35375976562
"Marrakech - Tensift - Al Haouz","Essaouira",2013,4524.25927734375
"Marrakech - Tensift - Al Haouz","Essaouira",2014,5512.67138671875
"Marrakech - Tensift - Al Haouz","Essaouira",2015,6145.49951171875
"Marrakech - Tensift - Al Haouz","Essaouira",2016,5528.96142578125
"Marrakech - Tensift - Al Haouz","Essaouira",2017,5435.25
"Marrakech - Tensift - Al Haouz","Essaouira",2018,5456.611328125
"Marrakech - Tensift - Al Haouz","Essaouira",2019,5681.41650390625
"Marrakech - Tensift - Al Haouz","Essaouira",2020,5117.4052734375
"Marrakech - Tensift - Al Haouz","Essaouira",2021,5055.83154296875
"Marrakech - Tensift - Al Haouz","Essaouira",2022,5609.666015625
"Marrakech - Tensift - Al Haouz","Essaouira",2023,6246.97607421875
"Marrakech - Tensift - Al Haouz","Essaouira",2024,6404.12744140625
"Marrakech - Tensift - Al Haouz","Marrakech",2012,46430.265625
"Marrakech - Tensift - Al Haouz","Marrakech",2013,45961.45703125
"Marrakech - Tensift - Al Haouz","Marrakech",2014,47421.5625
"Marrakech - Tensift - Al Haouz","Marrakech",2015,49159.32421875
"Marrakech - Tensift - Al Haouz","Marrakech",2016,52138.453125
"Marrakech - Tensift - Al Haouz","Marrakech",2017,55113.765625
"Marrakech - Tensift - Al Haouz","Marrakech",2018,52147.55078125
"Marrakech - Tensift - Al Haouz","Marrakech",2019,54771.19921875
"Marrakech - Tensift - Al Haouz","Marrakech",2020,51299.16796875
"Marrakech - Tensift - Al Haouz","Marrakech",2021,47805.84375
"Marrakech - Tensift - Al Haouz","Marrakech",2022,47471.546875
"Marrakech - Tensift - Al Haouz","Marrakech",2023,51132.578125
"Marrakech - Tensift - Al Haouz","Marrakech",2024,52046.265625
"Meknès - Tafilalet","El Hajeb",2012,5190.49462890625
"Meknès - Tafilalet","El Hajeb",2013,5090.14453125
"Meknès - Tafilalet","El Hajeb",2014,5567.013671875
"Meknès - Tafilalet","El Hajeb",2015,6057.81689453125
"Meknès - Tafilalet","El Hajeb",2016,6425.32861328125
"Meknès - Tafilalet","El Hajeb",2017,6490.27099609375
"Meknès - Tafilalet","El Hajeb",2018,6360.57763671875
"Meknès - Tafilalet","El Hajeb",2019,6833.4638671875
"Meknès - Tafilalet","El Hajeb",2020,6639.35791015625
"Meknès - Tafilalet","El Hajeb",2021,7673.5791015625
"Meknès - Tafilalet","El Hajeb",2022,8822.1103515625
"Meknès - Tafilalet","El Hajeb",2023,10059.3740234375
"Meknès - Tafilalet","El Hajeb",2024,9835.498046875
"Meknès - Tafilalet","Errachidia",2012,9051.1298828125
"Meknès - Tafilalet","Errachidia",2013,10371.2021484375
"Meknès - Tafilalet","Errachidia",2014,10312.7431640625
"Meknès - Tafilalet","Errachidia",2015,11070.1484375
"Meknès - Tafilalet","Errachidia",2016,11561.0009765625
"Meknès - Tafilalet","Errachidia",2017,12096.7314453125
"Meknès - Tafilalet","Errachidia",2018,11954.46484375
"Meknès - Tafilalet","Errachidia",2019,13173.6484375
"Meknès - Tafilalet","Errachidia",2020,12371.8857421875
"Meknès - Tafilalet","Errachidia",2021,13006.1044921875
"Meknès - Tafilalet","Errachidia",2022,14184.421875
"Meknès - Tafilalet","Errachidia",2023,15020.4892578125
"Meknès - Tafilalet","Errachidia",2024,15438.287109375
"Meknès - Tafilalet","Ifrane",2012,4025.00219726562
"Meknès - Tafilalet","Ifrane",2013,3713.6337890625
"Meknès - Tafilalet","Ifrane",2014,3813.6015625
"Meknès - Tafilalet","Ifrane",2015,3847.99975585938
"Meknès - Tafilalet","Ifrane",2016,3799.38061523438
"Meknès - Tafilalet","Ifrane",2017,4042.091796875
"Meknès - Tafilalet","Ifrane",2018,4597.85205078125
"Meknès - Tafilalet","Ifrane",2019,4885.462890625
"Meknès - Tafilalet","Ifrane",2020,4596.220703125
"Meknès - Tafilalet","Ifrane",2021,5434.24462890625
"Meknès - Tafilalet","Ifrane",2022,6190.6162109375
"Meknès - Tafilalet","Ifrane",2023,6894.6591796875
"Meknès - Tafilalet","Ifrane",2024,7058.3642578125
"Meknès - Tafilalet","Khénifra",2012,6717.4326171875
"Meknès - Tafilalet","Khénifra",2013,7437.54443359375
"Meknès - Tafilalet","Khénifra",2014,8122.06591796875
"Meknès - Tafilalet","Khénifra",2015,9742.0224609375
"Meknès - Tafilalet","Khénifra",2016,10856.8701171875
"Meknès - Tafilalet","Khénifra",2017,11602.869140625
"Meknès - Tafilalet","Khénifra",2018,10596.0166015625
"Meknès - Tafilalet","Khénifra",2019,11518.8984375
"Meknès - Tafilalet","Khénifra",2020,10991.13671875
"Meknès - Tafilalet","Khénifra",2021,11169.3154296875
"Meknès - Tafilalet","Khénifra",2022,12252.0205078125
"Meknès - Tafilalet","Khénifra",2023,12244.662109375
"Meknès - Tafilalet","Khénifra",2024,12988.0908203125
"Meknès - Tafilalet","Meknès",2012,17908.193359375
"Meknès - Tafilalet","Meknès",2013,17064.478515625
"Meknès - Tafilalet","Meknès",2014,17748.38671875
"Meknès - Tafilalet","Meknès",2015,19354.0546875
"Meknès - Tafilalet","Meknès",2016,19468.44921875
"Meknès - Tafilalet","Meknès",2017,19405.865234375
"Meknès - Tafilalet","Meknès",2018,18033.517578125
"Meknès - Tafilalet","Meknès",2019,19631.6875
"Meknès - Tafilalet","Meknès",2020,19423.888671875
"Meknès - Tafilalet","Meknès",2021,19487.53125
"Meknès - Tafilalet","Meknès",2022,20128.2734375
"Meknès - Tafilalet","Meknès",2023,20588.34765625
"Meknès - Tafilalet","Meknès",2024,21020.5859375
"Oriental","Berkane Taourirt",2012,18669.599609375
"Oriental","Berkane Taourirt",2013,19919.59375
"Oriental","Berkane Taourirt",2014,21911.53125
"Oriental","Berkane Taourirt",2015,22378.076171875
"Oriental","Berkane Taourirt",2016,23668.66015625
"Oriental","Berkane Taourirt",2017,22866.275390625
"Oriental","Berkane Taourirt",2018,23096.8984375
"Oriental","Berkane Taourirt",2019,24528.8515625
"Oriental","Berkane Taourirt",2020,24248.5625
"Oriental","Berkane Taourirt",2021,25594.544921875
"Oriental","Berkane Taourirt",2022,27283.892578125
"Oriental","Berkane Taourirt",2023,30493.74609375
"Oriental","Berkane Taourirt",2024,30352.2578125
"Oriental","Figuig",2012,3280.56616210938
"Oriental","Figuig",2013,3855.21362304688
"Oriental","Figuig",2014,4694.0546875
"Oriental","Figuig",2015,5214.48681640625
"Oriental","Figuig",2016,4816.8720703125
"Oriental","Figuig",2017,4805.14404296875
"Oriental","Figuig",2018,4747.47607421875
"Oriental","Figuig",2019,5578.55419921875
"Oriental","Figuig",2020,5714.3466796875
"Oriental","Figuig",2021,6051.1025390625
"Oriental","Figuig",2022,5962.03515625
"Oriental","Figuig",2023,5833.8642578125
"Oriental","Figuig",2024,6096.44287109375
"Oriental","Jerada",2012,4052.595703125
"Oriental","Jerada",2013,3811.07373046875
"Oriental","Jerada",2014,4062.8310546875
"Oriental","Jerada",2015,4120.5439453125
"Oriental","Jerada",2016,4316.16748046875
"Oriental","Jerada",2017,4429.853515625
"Oriental","Jerada",2018,4570.0693359375
"Oriental","Jerada",2019,4925.9931640625
"Oriental","Jerada",2020,4837.56201171875
"Oriental","Jerada",2021,4864.74365234375
"Oriental","Jerada",2022,5051.85546875
"Oriental","Jerada",2023,5252.95458984375
"Oriental","Jerada",2024,5051.9794921875
"Oriental","Nador",2012,37303.37109375
"Oriental","Nador",2013,37290.07421875
"Oriental","Nador",2014,42733.46484375
"Oriental","Nador",2015,43889.44921875
"Oriental","Nador",2016,46217.76171875
"Oriental","Nador",2017,45574.21875
"Oriental","Nador",2018,47303.08984375
"Oriental","Nador",2019,50617.25390625
"Oriental","Nador",2020,48278.6328125
"Oriental","Nador",2021,51751.56640625
"Oriental","Nador",2022,54081.81640625
"Oriental","Nador",2023,56107.4296875
"Oriental","Nador",2024,54787.7109375
"Oriental","Oujda Angad",2012,21332.15234375
"Oriental","Oujda Angad",2013,24996.91015625
"Oriental","Oujda Angad",2014,29697.244140625
"Oriental","Oujda Angad",2015,30426.2734375
"Oriental","Oujda Angad",2016,32436.24609375
"Oriental","Oujda Angad",2017,33203.39453125
"Oriental","Oujda Angad",2018,32151.9921875
"Oriental","Oujda Angad",2019,31982.580078125
"Oriental","Oujda Angad",2020,30236.8828125
"Oriental","Oujda Angad",2021,30120.134765625
"Oriental","Oujda Angad",2022,30757.3828125
"Oriental","Oujda Angad",2023,30039.732421875
"Oriental","Oujda Angad",2024,30506.51171875
"Rabat - Salé - Zemmour - Zaer","Khémisset",2012,6835.5087890625
"Rabat - Salé - Zemmour - Zaer","Khémisset",2013,7221.9736328125
"Rabat - Salé - Zemmour - Zaer","Khémisset",2014,7724.0537109375
"Rabat - Salé - Zemmour - Zaer","Khémisset",2015,8416.384765625
"Rabat - Salé - Zemmour - Zaer","Khémisset",2016,9040.248046875
"Rabat - Salé - Zemmour - Zaer","Khémisset",2017,10857.361328125
"Rabat - Salé - Zemmour - Zaer","Khémisset",2018,10285.439453125
"Rabat - Salé - Zemmour - Zaer","Khémisset",2019,12271.55859375
"Rabat - Salé - Zemmour - Zaer","Khémisset",2020,13943.1923828125
"Rabat - Salé - Zemmour - Zaer","Khémisset",2021,14377.0693359375
"Rabat - Salé - Zemmour - Zaer","Khémisset",2022,15870.62890625
"Rabat - Salé - Zemmour - Zaer","Khémisset",2023,14403.0888671875
"Rabat - Salé - Zemmour - Zaer","Khémisset",2024,14957.0244140625
"Rabat - Salé - Zemmour - Zaer","Rabat",2012,24413.271484375
"Rabat - Salé - Zemmour - Zaer","Rabat",2013,23820.9765625
"Rabat - Salé - Zemmour - Zaer","Rabat",2014,24345.5546875
"Rabat - Salé - Zemmour - Zaer","Rabat",2015,27214.517578125
"Rabat - Salé - Zemmour - Zaer","Rabat",2016,32299.16015625
"Rabat - Salé - Zemmour - Zaer","Rabat",2017,35315.8828125
"Rabat - Salé - Zemmour - Zaer","Rabat",2018,37690.40625
"Rabat - Salé - Zemmour - Zaer","Rabat",2019,41410.19140625
"Rabat - Salé - Zemmour - Zaer","Rabat",2020,43901.3515625
"Rabat - Salé - Zemmour - Zaer","Rabat",2021,42056.9921875
"Rabat - Salé - Zemmour - Zaer","Rabat",2022,50329.21484375
"Rabat - Salé - Zemmour - Zaer","Rabat",2023,55883.44921875
"Rabat - Salé - Zemmour - Zaer","Rabat",2024,57106.10546875
"Rabat - Salé - Zemmour - Zaer","Salé",2012,16177.6875
"Rabat - Salé - Zemmour - Zaer","Salé",2013,15895.7314453125
"Rabat - Salé - Zemmour - Zaer","Salé",2014,16137.015625
"Rabat - Salé - Zemmour - Zaer","Salé",2015,15953.267578125
"Rabat - Salé - Zemmour - Zaer","Salé",2016,16412.73828125
"Rabat - Salé - Zemmour - Zaer","Salé",2017,17319.56640625
"Rabat - Salé - Zemmour - Zaer","Salé",2018,17109.033203125
"Rabat - Salé - Zemmour - Zaer","Salé",2019,17816.03515625
"Rabat - Salé - Zemmour - Zaer","Salé",2020,19448.03125
"Rabat - Salé - Zemmour - Zaer","Salé",2021,20735.232421875
"Rabat - Salé - Zemmour - Zaer","Salé",2022,23681.58203125
"Rabat - Salé - Zemmour - Zaer","Salé",2023,25989.310546875
"Rabat - Salé - Zemmour - Zaer","Salé",2024,25424.337890625
"Rabat - Salé - Zemmour - Zaer","Skhirate-Témara",2012,19872.994140625
"Rabat - Salé - Zemmour - Zaer","Skhirate-Témara",2013,20311.50390625
"Rabat - Salé - Zemmour - Zaer","Skhirate-Témara",2014,20994.669921875
"Rabat - Salé - Zemmour - Zaer","Skhirate-Témara",2015,23708.68359375
"Rabat - Salé - Zemmour - Zaer","Skhirate-Témara",2016,26558.171875
"Rabat - Salé - Zemmour - Zaer","Skhirate-Témara",2017,28129.03515625
"Rabat - Salé - Zemmour - Zaer","Skhirate-Témara",2018,28470.12890625
"Rabat - Salé - Zemmour - Zaer","Skhirate-Témara",2019,30233.3984375
"Rabat - Salé - Zemmour - Zaer","Skhirate-Témara",2020,31948.044921875
"Rabat - Salé - Zemmour - Zaer","Skhirate-Témara",2021,33161.10546875
"Rabat - Salé - Zemmour - Zaer","Skhirate-Témara",2022,37444.375
"Rabat - Salé - Zemmour - Zaer","Skhirate-Témara",2023,40499.34765625
"Rabat - Salé - Zemmour - Zaer","Skhirate-Témara",2024,43356.93359375
"Souss - Massa - Draâ","Agadir-Ida ou Tanane",2012,28242.552734375
"Souss - Massa - Draâ","Agadir-Ida ou Tanane",2013,27006.99609375
"Souss - Massa - Draâ","Agadir-Ida ou Tanane",2014,26158.912109375
"Souss - Massa - Draâ","Agadir-Ida ou Tanane",2015,26727.673828125
"Souss - Massa - Draâ","Agadir-Ida ou Tanane",2016,27725.083984375
"Souss - Massa - Draâ","Agadir-Ida ou Tanane",2017,27668.017578125
"Souss - Massa - Draâ","Agadir-Ida ou Tanane",2018,28135.271484375
"Souss - Massa - Draâ","Agadir-Ida ou Tanane",2019,29102.6328125
"Souss - Massa - Draâ","Agadir-Ida ou Tanane",2020,29292.736328125
"Souss - Massa - Draâ","Agadir-Ida ou Tanane",2021,29063.736328125
"Souss - Massa - Draâ","Agadir-Ida ou Tanane",2022,32308.591796875
"Souss - Massa - Draâ","Agadir-Ida ou Tanane",2023,34102.21875
"Souss - Massa - Draâ","Agadir-Ida ou Tanane",2024,37842.05078125
"Souss - Massa - Draâ","Chtouka-Aït Baha",2012,5382.33349609375
"Souss - Massa - Draâ","Chtouka-Aït Baha",2013,5273.59521484375
"Souss - Massa - Draâ","Chtouka-Aït Baha",2014,6220.548828125
"Souss - Massa - Draâ","Chtouka-Aït Baha",2015,7131.38232421875
"Souss - Massa - Draâ","Chtouka-Aït Baha",2016,7488.66650390625
"Souss - Massa - Draâ","Chtouka-Aït Baha",2017,7895.76318359375
"Souss - Massa - Draâ","Chtouka-Aït Baha",2018,7778.9921875
"Souss - Massa - Draâ","Chtouka-Aït Baha",2019,8260.5537109375
"Souss - Massa - Draâ","Chtouka-Aït Baha",2020,7972.5205078125
"Souss - Massa - Draâ","Chtouka-Aït Baha",2021,8808.072265625
"Souss - Massa - Draâ","Chtouka-Aït Baha",2022,10386.630859375
"Souss - Massa - Draâ","Chtouka-Aït Baha",2023,10593.3701171875
"Souss - Massa - Draâ","Chtouka-Aït Baha",2024,10208.78515625
"Souss - Massa - Draâ","Inezgane-Aït Melloul",2012,11114.046875
"Souss - Massa - Draâ","Inezgane-Aït Melloul",2013,11646.3134765625
"Souss - Massa - Draâ","Inezgane-Aït Melloul",2014,11416.23828125
"Souss - Massa - Draâ","Inezgane-Aït Melloul",2015,12300.609375
"Souss - Massa - Draâ","Inezgane-Aït Melloul",2016,12932.7763671875
"Souss - Massa - Draâ","Inezgane-Aït Melloul",2017,13343.3349609375
"Souss - Massa - Draâ","Inezgane-Aït Melloul",2018,13592.23046875
"Souss - Massa - Draâ","Inezgane-Aït Melloul",2019,14343.3798828125
"Souss - Massa - Draâ","Inezgane-Aït Melloul",2020,14238.84765625
"Souss - Massa - Draâ","Inezgane-Aït Melloul",2021,14664.40234375
"Souss - Massa - Draâ","Inezgane-Aït Melloul",2022,14807.009765625
"Souss - Massa - Draâ","Inezgane-Aït Melloul",2023,14225.0849609375
"Souss - Massa - Draâ","Inezgane-Aït Melloul",2024,14578.322265625
"Souss - Massa - Draâ","Ouarzazate",2012,7065.6318359375
"Souss - Massa - Draâ","Ouarzazate",2013,7634.41552734375
"Souss - Massa - Draâ","Ouarzazate",2014,8366.033203125
"Souss - Massa - Draâ","Ouarzazate",2015,8883.0498046875
"Souss - Massa - Draâ","Ouarzazate",2016,9457.921875
"Souss - Massa - Draâ","Ouarzazate",2017,9676.697265625
"Souss - Massa - Draâ","Ouarzazate",2018,9841.8447265625
"Souss - Massa - Draâ","Ouarzazate",2019,10056.4482421875
"Souss - Massa - Draâ","Ouarzazate",2020,10183.677734375
"Souss - Massa - Draâ","Ouarzazate",2021,10684.609375
"Souss - Massa - Draâ","Ouarzazate",2022,10972.7041015625
"Souss - Massa - Draâ","Ouarzazate",2023,11724.7841796875
"Souss - Massa - Draâ","Ouarzazate",2024,12172.15234375
"Souss - Massa - Draâ","Taroudannt",2012,7632.88134765625
"Souss - Massa - Draâ","Taroudannt",2013,7425.9619140625
"Souss - Massa - Draâ","Taroudannt",2014,8578.283203125
"Souss - Massa - Draâ","Taroudannt",2015,8742.2353515625
"Souss - Massa - Draâ","Taroudannt",2016,8378.9443359375
"Souss - Massa - Draâ","Taroudannt",2017,8013.7099609375
"Souss - Massa - Draâ","Taroudannt",2018,7973.3466796875
"Souss - Massa - Draâ","Taroudannt",2019,8377.4541015625
"Souss - Massa - Draâ","Taroudannt",2020,8535.99609375
"Souss - Massa - Draâ","Taroudannt",2021,8953.125
"Souss - Massa - Draâ","Taroudannt",2022,11124.37890625
"Souss - Massa - Draâ","Taroudannt",2023,12316.4306640625
"Souss - Massa - Draâ","Taroudannt",2024,12508.2412109375
"Souss - Massa - Draâ","Tiznit",2012,4862.99853515625
"Souss - Massa - Draâ","Tiznit",2013,4799.625
"Souss - Massa - Draâ","Tiznit",2014,5353.8017578125
"Souss - Massa - Draâ","Tiznit",2015,5810.515625
"Souss - Massa - Draâ","Tiznit",2016,5798.00048828125
"Souss - Massa - Draâ","Tiznit",2017,6338.01708984375
"Souss - Massa - Draâ","Tiznit",2018,5760.9072265625
"Souss - Massa - Draâ","Tiznit",2019,6454.79052734375
"Souss - Massa - Draâ","Tiznit",2020,6341.21240234375
"Souss - Massa - Draâ","Tiznit",2021,6516.4453125
"Souss - Massa - Draâ","Tiznit",2022,7483.9521484375
"Souss - Massa - Draâ","Tiznit",2023,7754.02734375
"Souss - Massa - Draâ","Tiznit",2024,7644.6103515625
"Souss - Massa - Draâ","Zagora",2012,1629.75305175781
"Souss - Massa - Draâ","Zagora",2013,1646.22033691406
"Souss - Massa - Draâ","Zagora",2014,1777.53430175781
"Souss - Massa - Draâ","Zagora",2015,1700.45983886719
"Souss - Massa - Draâ","Zagora",2016,1545.6796875
"Souss - Massa - Draâ","Zagora",2017,1652.57836914062
"Souss - Massa - Draâ","Zagora",2018,1603.10766601562
"Souss - Massa - Draâ","Zagora",2019,1773.78369140625
"Souss - Massa - Draâ","Zagora",2020,1830.95703125
"Souss - Massa - Draâ","Zagora",2021,1854.53979492188
"Souss - Massa - Draâ","Zagora",2022,1799.81994628906
"Souss - Massa - Draâ","Zagora",2023,1998.43444824219
"Souss - Massa - Draâ","Zagora",2024,1999.09887695312
"Tadla - Azilal","Azilal",2012,5225.1806640625
"Tadla - Azilal","Azilal",2013,5406.5732421875
"Tadla - Azilal","Azilal",2014,6152.8349609375
"Tadla - Azilal","Azilal",2015,6632.5283203125
"Tadla - Azilal","Azilal",2016,6856.39501953125
"Tadla - Azilal","Azilal",2017,7120.220703125
"Tadla - Azilal","Azilal",2018,6862.9150390625
"Tadla - Azilal","Azilal",2019,7033.3740234375
"Tadla - Azilal","Azilal",2020,6414.6875
"Tadla - Azilal","Azilal",2021,7412.0341796875
"Tadla - Azilal","Azilal",2022,8688.0751953125
"Tadla - Azilal","Azilal",2023,9247.044921875
"Tadla - Azilal","Azilal",2024,8884.58203125
"Tadla - Azilal","Béni Mellal",2012,20841.341796875
"Tadla - Azilal","Béni Mellal",2013,21128.853515625
"Tadla - Azilal","Béni Mellal",2014,24839.537109375
"Tadla - Azilal","Béni Mellal",2015,26353.59375
"Tadla - Azilal","Béni Mellal",2016,28965.55078125
"Tadla - Azilal","Béni Mellal",2017,30111.333984375
"Tadla - Azilal","Béni Mellal",2018,30036.92578125
"Tadla - Azilal","Béni Mellal",2019,30671.841796875
"Tadla - Azilal","Béni Mellal",2020,30159.818359375
"Tadla - Azilal","Béni Mellal",2021,33346.33984375
"Tadla - Azilal","Béni Mellal",2022,36643.734375
"Tadla - Azilal","Béni Mellal",2023,38720.9609375
"Tadla - Azilal","Béni Mellal",2024,38683.57421875
"Tanger - Tétouan","Chefchaouen",2012,2405.96533203125
"Tanger - Tétouan","Chefchaouen",2013,2411.9755859375
"Tanger - Tétouan","Chefchaouen",2014,2883.0703125
"Tanger - Tétouan","Chefchaouen",2015,2882.33715820312
"Tanger - Tétouan","Chefchaouen",2016,3124.18969726562
"Tanger - Tétouan","Chefchaouen",2017,3266.75073242188
"Tanger - Tétouan","Chefchaouen",2018,3238.72094726562
"Tanger - Tétouan","Chefchaouen",2019,4569.341796875
"Tanger - Tétouan","Chefchaouen",2020,5767.791015625
"Tanger - Tétouan","Chefchaouen",2021,6356.5302734375
"Tanger - Tétouan","Chefchaouen",2022,6339.43798828125
"Tanger - Tétouan","Chefchaouen",2023,6458.15869140625
"Tanger - Tétouan","Chefchaouen",2024,6984.37109375
"Tanger - Tétouan","Fahs Anjra",2012,8080.32080078125
"Tanger - Tétouan","Fahs Anjra",2013,8710.1572265625
"Tanger - Tétouan","Fahs Anjra",2014,11092.5771484375
"Tanger - Tétouan","Fahs Anjra",2015,13308.6357421875
"Tanger - Tétouan","Fahs Anjra",2016,14783.0361328125
"Tanger - Tétouan","Fahs Anjra",2017,17751.041015625
"Tanger - Tétouan","Fahs Anjra",2018,17975.275390625
"Tanger - Tétouan","Fahs Anjra",2019,20132.9453125
"Tanger - Tétouan","Fahs Anjra",2020,20620.591796875
"Tanger - Tétouan","Fahs Anjra",2021,21900.66796875
"Tanger - Tétouan","Fahs Anjra",2022,21609.634765625
"Tanger - Tétouan","Fahs Anjra",2023,22059.119140625
"Tanger - Tétouan","Fahs Anjra",2024,22040.044921875
"Tanger - Tétouan","Larache",2012,7632.453125
"Tanger - Tétouan","Larache",2013,7537.84912109375
"Tanger - Tétouan","Larache",2014,8526.3623046875
"Tanger - Tétouan","Larache",2015,8823.984375
"Tanger - Tétouan","Larache",2016,9348.2880859375
"Tanger - Tétouan","Larache",2017,10120.2265625
"Tanger - Tétouan","Larache",2018,10595.833984375
"Tanger - Tétouan","Larache",2019,10723.634765625
"Tanger - Tétouan","Larache",2020,9878.9150390625
"Tanger - Tétouan","Larache",2021,10841.4970703125
"Tanger - Tétouan","Larache",2022,11907.658203125
"Tanger - Tétouan","Larache",2023,11705.984375
"Tanger - Tétouan","Larache",2024,11201.8681640625
"Tanger - Tétouan","Tanger-Assilah",2012,23002.751953125
"Tanger - Tétouan","Tanger-Assilah",2013,25165.16015625
"Tanger - Tétouan","Tanger-Assilah",2014,30036.236328125
"Tanger - Tétouan","Tanger-Assilah",2015,35954.14453125
"Tanger - Tétouan","Tanger-Assilah",2016,42006.2578125
"Tanger - Tétouan","Tanger-Assilah",2017,45393.6015625
"Tanger - Tétouan","Tanger-Assilah",2018,46190.84375
"Tanger - Tétouan","Tanger-Assilah",2019,47900.06640625
"Tanger - Tétouan","Tanger-Assilah",2020,48300.44140625
"Tanger - Tétouan","Tanger-Assilah",2021,51694.921875
"Tanger - Tétouan","Tanger-Assilah",2022,54200.53515625
"Tanger - Tétouan","Tanger-Assilah",2023,56034.18359375
"Tanger - Tétouan","Tanger-Assilah",2024,55886.74609375
"Tanger - Tétouan","Tétouan",2012,36673.04296875
"Tanger - Tétouan","Tétouan",2013,38620.8125
"Tanger - Tétouan","Tétouan",2014,42491.5625
"Tanger - Tétouan","Tétouan",2015,44788.4296875
"Tanger - Tétouan","Tétouan",2016,49019.78125
"Tanger - Tétouan","Tétouan",2017,52632.078125
"Tanger - Tétouan","Tétouan",2018,53463.05078125
"Tanger - Tétouan","Tétouan",2019,53983.3046875
"Tanger - Tétouan","Tétouan",2020,47835.09375
"Tanger - Tétouan","Tétouan",2021,47421.97265625
"Tanger - Tétouan","Tétouan",2022,45198.89453125
"Tanger - Tétouan","Tétouan",2023,43269.3828125
"Tanger - Tétouan","Tétouan",2024,42187.6796875
"Taza - Al Hoceima - Taounate","Al Hoceïma",2012,9483.8974609375
"Taza - Al Hoceima - Taounate","Al Hoceïma",2013,9500.9970703125
"Taza - Al Hoceima - Taounate","Al Hoceïma",2014,10665.662109375
"Taza - Al Hoceima - Taounate","Al Hoceïma",2015,11423.291015625
"Taza - Al Hoceima - Taounate","Al Hoceïma",2016,13302.4580078125
"Taza - Al Hoceima - Taounate","Al Hoceïma",2017,13710.8076171875
"Taza - Al Hoceima - Taounate","Al Hoceïma",2018,18365.701171875
"Taza - Al Hoceima - Taounate","Al Hoceïma",2019,20417.28125
"Taza - Al Hoceima - Taounate","Al Hoceïma",2020,19158.748046875
"Taza - Al Hoceima - Taounate","Al Hoceïma",2021,20368.712890625
"Taza - Al Hoceima - Taounate","Al Hoceïma",2022,21041.23828125
"Taza - Al Hoceima - Taounate","Al Hoceïma",2023,20832.5234375
"Taza - Al Hoceima - Taounate","Al Hoceïma",2024,20507.392578125
"Taza - Al Hoceima - Taounate","Taounate",2012,5197.8828125
"Taza - Al Hoceima - Taounate","Taounate",2013,4894.712890625
"Taza - Al Hoceima - Taounate","Taounate",2014,5463.89990234375
"Taza - Al Hoceima - Taounate","Taounate",2015,6249.91748046875
"Taza - Al Hoceima - Taounate","Taounate",2016,7158.44091796875
"Taza - Al Hoceima - Taounate","Taounate",2017,7360.11669921875
"Taza - Al Hoceima - Taounate","Taounate",2018,6874.31494140625
"Taza - Al Hoceima - Taounate","Taounate",2019,7075.58056640625
"Taza - Al Hoceima - Taounate","Taounate",2020,6721.7021484375
"Taza - Al Hoceima - Taounate","Taounate",2021,7581.4384765625
"Taza - Al Hoceima - Taounate","Taounate",2022,8896.3330078125
"Taza - Al Hoceima - Taounate","Taounate",2023,9372.48046875
"Taza - Al Hoceima - Taounate","Taounate",2024,7663.5283203125
"Taza - Al Hoceima - Taounate","Taza",2012,11175.197265625
"Taza - Al Hoceima - Taounate","Taza",2013,12251.349609375
"Taza - Al Hoceima - Taounate","Taza",2014,13126.1572265625
"Taza - Al Hoceima - Taounate","Taza",2015,13647.5908203125
"Taza - Al Hoceima - Taounate","Taza",2016,15546.259765625
"Taza - Al Hoceima - Taounate","Taza",2017,16083.4736328125
"Taza - Al Hoceima - Taounate","Taza",2018,15520.791015625
"Taza - Al Hoceima - Taounate","Taza",2019,16533.763671875
"Taza - Al Hoceima - Taounate","Taza",2020,16298.5849609375
"Taza - Al Hoceima - Taounate","Taza",2021,17445.55078125
"Taza - Al Hoceima - Taounate","Taza",2022,19116.73828125
"Taza - Al Hoceima - Taounate","Taza",2023,19451.517578125
"Taza - Al Hoceima - Taounate","Taza",2024,16911.77734375
